-- MariaDB dump 10.19  Distrib 10.10.3-MariaDB, for Win64 (AMD64)
--
-- Host: localhost    Database: rumah_sakit_revisi
-- ------------------------------------------------------
-- Server version	10.10.3-MariaDB

/*!40101 SET @OLD_CHARACTER_SET_CLIENT=@@CHARACTER_SET_CLIENT */;
/*!40101 SET @OLD_CHARACTER_SET_RESULTS=@@CHARACTER_SET_RESULTS */;
/*!40101 SET @OLD_COLLATION_CONNECTION=@@COLLATION_CONNECTION */;
/*!40101 SET NAMES utf8mb4 */;
/*!40103 SET @OLD_TIME_ZONE=@@TIME_ZONE */;
/*!40103 SET TIME_ZONE='+00:00' */;
/*!40014 SET @OLD_UNIQUE_CHECKS=@@UNIQUE_CHECKS, UNIQUE_CHECKS=0 */;
/*!40014 SET @OLD_FOREIGN_KEY_CHECKS=@@FOREIGN_KEY_CHECKS, FOREIGN_KEY_CHECKS=0 */;
/*!40101 SET @OLD_SQL_MODE=@@SQL_MODE, SQL_MODE='NO_AUTO_VALUE_ON_ZERO' */;
/*!40111 SET @OLD_SQL_NOTES=@@SQL_NOTES, SQL_NOTES=0 */;

--
-- Table structure for table `aktivitas_medis`
--

DROP TABLE IF EXISTS `aktivitas_medis`;
/*!40101 SET @saved_cs_client     = @@character_set_client */;
/*!40101 SET character_set_client = utf8 */;
CREATE TABLE `aktivitas_medis` (
  `id_pasien` int(11) NOT NULL,
  `id_rekam_medis` int(11) NOT NULL,
  `id_aktivitas` int(11) NOT NULL,
  `harga_aktivitas` int(11) NOT NULL,
  `no_lisensi_perawat` char(26) NOT NULL,
  `no_lisensi_dokter` char(26) NOT NULL,
  PRIMARY KEY (`id_pasien`,`id_rekam_medis`,`id_aktivitas`),
  KEY `no_lisensi_perawat` (`no_lisensi_perawat`),
  KEY `no_lisensi_dokter` (`no_lisensi_dokter`),
  CONSTRAINT `aktivitas_medis_ibfk_1` FOREIGN KEY (`id_pasien`, `id_rekam_medis`) REFERENCES `rekam_medis` (`id_pasien`, `id_rekam_medis`),
  CONSTRAINT `aktivitas_medis_ibfk_2` FOREIGN KEY (`no_lisensi_perawat`) REFERENCES `perawat` (`no_lisensi`),
  CONSTRAINT `aktivitas_medis_ibfk_3` FOREIGN KEY (`no_lisensi_dokter`) REFERENCES `dokter` (`no_lisensi`)
) ENGINE=InnoDB DEFAULT CHARSET=latin1 COLLATE=latin1_swedish_ci;
/*!40101 SET character_set_client = @saved_cs_client */;

--
-- Dumping data for table `aktivitas_medis`
--

LOCK TABLES `aktivitas_medis` WRITE;
/*!40000 ALTER TABLE `aktivitas_medis` DISABLE KEYS */;
INSERT INTO `aktivitas_medis` VALUES
(1,1,1,343000,'01GXAJYAGMWD7PCEWG9D4V7DQP','01GXAJYAEFWKKSP0QMQKA7MHBW'),
(1,1,2,235000,'01GXAJYAEGZ9XGWWY56H6HMWN1','01GXAJYAJ5Z4XC22BGFESWA816'),
(1,1,3,81000,'01GXAJYAGXBBAEAZ3PVFK399NH','01GXAJYAEPM35T0D6QBBSC5BYT'),
(1,2,1,292000,'01GXAJYAFP2YZPG3PRRN9P93HJ','01GXAJYAF5WRST79PXZQQNTQ3A'),
(2,1,1,366000,'01GXAJYAE3T4D6AGP35FJPXWC0','01GXAJYAGJVACM9SADS22Y67KM'),
(3,1,1,128000,'01GXAJYAGPKAN3TSGRNYJWEGG8','01GXAJYAJ5Z4XC22BGFESWA816'),
(3,2,1,55000,'01GXAJYAGWV6BN26TRV916RR99','01GXAJYAEB5WBVZ58QKSVS2NQX'),
(3,2,2,267000,'01GXAJYAGDEZRMDT9SVN6CT0BR','01GXAJYAE4TCBBCBXK8AFZEQ72'),
(4,1,1,109000,'01GXAJYAER7P7WYG700J07X862','01GXAJYAE8YGMWA715ABH5T582'),
(4,1,2,431000,'01GXAJYAGMWD7PCEWG9D4V7DQP','01GXAJYAGJVACM9SADS22Y67KM'),
(5,1,1,313000,'01GXAJYAFAW4V5V8FRTDXG5Z35','01GXAJYAGRNSNZ3G9V3AKG79SH'),
(5,2,1,453000,'01GXAJYAF6A90T1Y2R5Y3NAMG7','01GXAJYAJ5Z4XC22BGFESWA816'),
(6,1,1,168000,'01GXAJYAGNDCQZ885A8YXNG7V6','01GXAJYAEAHR5HWGYG23DP9BC3'),
(6,2,1,378000,'01GXAJYAGNDCQZ885A8YXNG7V6','01GXAJYAFTBRYF89B3BYAXCRE4'),
(7,1,1,237000,'01GXAJYAGPKAN3TSGRNYJWEGG8','01GXAJYAEPM35T0D6QBBSC5BYT'),
(7,1,2,469000,'01GXAJYAF3VQV2Y2HSVA5QRQE5','01GXAJYAGRNSNZ3G9V3AKG79SH'),
(8,1,1,215000,'01GXAJYAGACC850M0EMJ7208YV','01GXAJYAGQCW6JHESEMFQ0RDMC'),
(8,1,2,444000,'01GXAJYAGACC850M0EMJ7208YV','01GXAJYAJ5Z4XC22BGFESWA816'),
(8,2,1,462000,'01GXAJYADZS6ARS5RHA56AG59Z','01GXAJYAE4TCBBCBXK8AFZEQ72'),
(9,1,1,253000,'01GXAJYAER7P7WYG700J07X862','01GXAJYAGEHKM7CBTRM3GZ5827'),
(9,2,1,224000,'01GXAJYAFENZVZYTR2Q0FS0JGV','01GXAJYAGHNG9J0C31WAQWQEAE'),
(9,2,2,393000,'01GXAJYAF87GDT4ZK9B6F5RDJ3','01GXAJYAF5WRST79PXZQQNTQ3A'),
(9,3,1,228000,'01GXAJYAFYAH7QSPADNP7Z6F1J','01GXAJYAG9J0S5AVA2NGHSGS4W'),
(10,1,1,176000,'01GXAJYAG8PSZT8HZ9A4SZ5TQT','01GXAJYAG9J0S5AVA2NGHSGS4W'),
(10,1,2,308000,'01GXAJYAEVKG9R1ZH7JYNW3C14','01GXAJYAF0TMVJ34EX6P1Y9AVP'),
(10,2,1,285000,'01GXAJYAFYAH7QSPADNP7Z6F1J','01GXAJYAFQT3Q51DD06AGE5ZD0'),
(11,1,1,144000,'01GXAJYAFP2YZPG3PRRN9P93HJ','01GXAJYAE8YGMWA715ABH5T582'),
(12,1,1,482000,'01GXAJYAEENCA4KZTG26MSS329','01GXAJYAGQCW6JHESEMFQ0RDMC'),
(12,1,2,407000,'01GXAJYAG1QHJT4X2912K14W83','01GXAJYAEJ6QW2611PC3M6TDRG'),
(12,1,3,473000,'01GXAJYAE0TSFH9ZTACM7VQYWJ','01GXAJYAFDNPR789CT772RBXFE'),
(13,1,1,275000,'01GXAJYAG2PNQ3M0HGDHMBC2PA','01GXAJYAG9J0S5AVA2NGHSGS4W'),
(13,2,1,145000,'01GXAJYAJ2APCWZCCSNA4XDRYK','01GXAJYAEB5WBVZ58QKSVS2NQX'),
(14,1,1,458000,'01GXAJYAF6A90T1Y2R5Y3NAMG7','01GXAJYAFDNPR789CT772RBXFE'),
(14,1,2,250000,'01GXAJYAFV2C4MWAQWQTMT0RA3','01GXAJYAGRNSNZ3G9V3AKG79SH'),
(14,2,1,54000,'01GXAJYAGDEZRMDT9SVN6CT0BR','01GXAJYAG9J0S5AVA2NGHSGS4W'),
(14,3,1,409000,'01GXAJYAFV2C4MWAQWQTMT0RA3','01GXAJYAEAHR5HWGYG23DP9BC3'),
(14,3,2,190000,'01GXAJYAEZQZ641Z7T1ZCKH4DW','01GXAJYAEB5WBVZ58QKSVS2NQX'),
(15,1,1,202000,'01GXAJYAF3VQV2Y2HSVA5QRQE5','01GXAJYAF0TMVJ34EX6P1Y9AVP'),
(15,1,2,490000,'01GXAJYAGGYTQ1AA196FKFDE8C','01GXAJYAGRNSNZ3G9V3AKG79SH'),
(15,2,1,445000,'01GXAJYAJ8A23HE21NVRXBNYXH','01GXAJYAGEHKM7CBTRM3GZ5827'),
(15,3,1,179000,'01GXAJYAESTH9KGNZ6PMAJC4QE','01GXAJYAGHNG9J0C31WAQWQEAE'),
(15,3,2,286000,'01GXAJYAGDEZRMDT9SVN6CT0BR','01GXAJYADYFW9FBCDRDGV09HFC'),
(16,1,1,210000,'01GXAJYAJ4C9V3CQ4Y1TFMRJAH','01GXAJYAEJ6QW2611PC3M6TDRG'),
(16,1,2,180000,'01GXAJYAEGZ9XGWWY56H6HMWN1','01GXAJYADYFW9FBCDRDGV09HFC'),
(16,2,1,338000,'01GXAJYAG8PSZT8HZ9A4SZ5TQT','01GXAJYAFDNPR789CT772RBXFE'),
(16,2,2,119000,'01GXAJYAE6FTD9FVTVA8CGAJ3J','01GXAJYAEMVEPFWKRAPWC6Z1TJ'),
(17,1,1,106000,'01GXAJYAGGYTQ1AA196FKFDE8C','01GXAJYAEPM35T0D6QBBSC5BYT'),
(18,1,1,118000,'01GXAJYAGWV6BN26TRV916RR99','01GXAJYAFQT3Q51DD06AGE5ZD0'),
(18,1,2,483000,'01GXAJYAGTWRF4MPCHAFHSWB07','01GXAJYAEMVEPFWKRAPWC6Z1TJ'),
(19,1,1,81000,'01GXAJYAGMWD7PCEWG9D4V7DQP','01GXAJYAEY8WC3MED0XQ8JS1W1'),
(19,1,2,247000,'01GXAJYAFJVF940X1EVBGH7SN3','01GXAJYAG9J0S5AVA2NGHSGS4W'),
(20,1,1,365000,'01GXAJYAFAW4V5V8FRTDXG5Z35','01GXAJYAGQCW6JHESEMFQ0RDMC'),
(20,2,1,452000,'01GXAJYAGACC850M0EMJ7208YV','01GXAJYADYFW9FBCDRDGV09HFC'),
(21,1,1,148000,'01GXAJYAESTH9KGNZ6PMAJC4QE','01GXAJYADYFW9FBCDRDGV09HFC'),
(21,1,2,432000,'01GXAJYAGVPX74YY6BMBKA4S85','01GXAJYAE8YGMWA715ABH5T582'),
(21,2,1,345000,'01GXAJYAFBFJ5X0VWZ8FN9WTDQ','01GXAJYAE8YGMWA715ABH5T582'),
(22,1,1,457000,'01GXAJYAFENZVZYTR2Q0FS0JGV','01GXAJYAG9J0S5AVA2NGHSGS4W'),
(23,1,1,446000,'01GXAJYAF2X9PQAWX2RQZ0S7JA','01GXAJYAE8YGMWA715ABH5T582'),
(23,1,2,220000,'01GXAJYADZS6ARS5RHA56AG59Z','01GXAJYAGHNG9J0C31WAQWQEAE'),
(24,1,1,283000,'01GXAJYAGMWD7PCEWG9D4V7DQP','01GXAJYAEFWKKSP0QMQKA7MHBW'),
(24,1,2,317000,'01GXAJYAFSX77MABHFB7V7BS3Q','01GXAJYAJ5Z4XC22BGFESWA816'),
(25,1,1,67000,'01GXAJYAEDVNW5NTY8PTQ9GXAN','01GXAJYAGHNG9J0C31WAQWQEAE'),
(25,1,2,298000,'01GXAJYAFK0KFW2AH7WKKJCCRQ','01GXAJYAGEHKM7CBTRM3GZ5827'),
(25,2,1,191000,'01GXAJYADQE30W54KAWY6TWVKQ','01GXAJYAGJVACM9SADS22Y67KM'),
(26,1,1,483000,'01GXAJYAER7P7WYG700J07X862','01GXAJYAGEHKM7CBTRM3GZ5827'),
(26,1,2,346000,'01GXAJYAGTWRF4MPCHAFHSWB07','01GXAJYAEFWKKSP0QMQKA7MHBW'),
(26,1,3,99000,'01GXAJYAGTWRF4MPCHAFHSWB07','01GXAJYAFQT3Q51DD06AGE5ZD0'),
(26,2,1,304000,'01GXAJYAGXBBAEAZ3PVFK399NH','01GXAJYAEAHR5HWGYG23DP9BC3'),
(27,1,1,410000,'01GXAJYAE0TSFH9ZTACM7VQYWJ','01GXAJYADYFW9FBCDRDGV09HFC'),
(28,1,1,385000,'01GXAJYAGXBBAEAZ3PVFK399NH','01GXAJYAEKY90TQG3YRENVCMP8'),
(29,1,1,282000,'01GXAJYAFM3WSGN0RS69T9793W','01GXAJYAFDNPR789CT772RBXFE'),
(30,1,1,302000,'01GXAJYAER7P7WYG700J07X862','01GXAJYAFXJKB58E02S44JG72V'),
(30,2,1,263000,'01GXAJYAFFFCS83RTQJPT8ABGY','01GXAJYAG9J0S5AVA2NGHSGS4W'),
(31,1,1,451000,'01GXAJYAF87GDT4ZK9B6F5RDJ3','01GXAJYAGJVACM9SADS22Y67KM'),
(31,1,2,282000,'01GXAJYAEGZ9XGWWY56H6HMWN1','01GXAJYAG9J0S5AVA2NGHSGS4W'),
(31,1,3,959000,'01GXAJYAFV2C4MWAQWQTMT0RA3','01GXAJYAGHNG9J0C31WAQWQEAE'),
(31,2,1,848000,'01GXAJYAF87GDT4ZK9B6F5RDJ3','01GXAJYAEFWKKSP0QMQKA7MHBW'),
(31,2,2,262000,'01GXAJYAG4J6HXVNDDHTGQN9MV','01GXAJYAEB5WBVZ58QKSVS2NQX'),
(31,2,3,668000,'01GXAJYAJ8A23HE21NVRXBNYXH','01GXAJYAEPM35T0D6QBBSC5BYT'),
(31,2,4,456000,'01GXAJYAFYAH7QSPADNP7Z6F1J','01GXAJYAF5WRST79PXZQQNTQ3A'),
(32,1,1,175000,'01GXAJYAE3T4D6AGP35FJPXWC0','01GXAJYAEMVEPFWKRAPWC6Z1TJ'),
(33,1,1,408000,'01GXAJYAF6A90T1Y2R5Y3NAMG7','01GXAJYAF0TMVJ34EX6P1Y9AVP'),
(33,1,2,415000,'01GXAJYAGACC850M0EMJ7208YV','01GXAJYAEPM35T0D6QBBSC5BYT'),
(33,1,3,751000,'01GXAJYAGXBBAEAZ3PVFK399NH','01GXAJYAFQT3Q51DD06AGE5ZD0'),
(33,2,1,413000,'01GXAJYAG0YHD9217E7ZQT8QQ4','01GXAJYAGRNSNZ3G9V3AKG79SH'),
(33,2,2,712000,'01GXAJYAFENZVZYTR2Q0FS0JGV','01GXAJYAEY8WC3MED0XQ8JS1W1'),
(33,2,3,220000,'01GXAJYAEXGAZVFZ0A45C53HYH','01GXAJYAEFWKKSP0QMQKA7MHBW'),
(33,3,1,865000,'01GXAJYAJ2APCWZCCSNA4XDRYK','01GXAJYAE8YGMWA715ABH5T582'),
(33,3,2,565000,'01GXAJYAGGYTQ1AA196FKFDE8C','01GXAJYADYFW9FBCDRDGV09HFC'),
(33,3,3,132000,'01GXAJYADQE30W54KAWY6TWVKQ','01GXAJYAEJ6QW2611PC3M6TDRG'),
(33,3,4,866000,'01GXAJYAFV2C4MWAQWQTMT0RA3','01GXAJYAGJVACM9SADS22Y67KM'),
(34,1,1,833000,'01GXAJYAGDEZRMDT9SVN6CT0BR','01GXAJYAEFWKKSP0QMQKA7MHBW'),
(34,2,1,470000,'01GXAJYAFYAH7QSPADNP7Z6F1J','01GXAJYAFXJKB58E02S44JG72V'),
(35,1,1,749000,'01GXAJYADQE30W54KAWY6TWVKQ','01GXAJYAGRNSNZ3G9V3AKG79SH'),
(35,1,2,235000,'01GXAJYAE0TSFH9ZTACM7VQYWJ','01GXAJYAFQT3Q51DD06AGE5ZD0'),
(36,1,1,829000,'01GXAJYAEZQZ641Z7T1ZCKH4DW','01GXAJYAEPM35T0D6QBBSC5BYT'),
(36,1,2,342000,'01GXAJYAGMWD7PCEWG9D4V7DQP','01GXAJYAFQT3Q51DD06AGE5ZD0'),
(37,1,1,122000,'01GXAJYAE5119SW0VPD3GD17B9','01GXAJYAGHNG9J0C31WAQWQEAE'),
(37,1,2,485000,'01GXAJYAG4J6HXVNDDHTGQN9MV','01GXAJYAFTBRYF89B3BYAXCRE4'),
(38,1,1,959000,'01GXAJYAF2X9PQAWX2RQZ0S7JA','01GXAJYAEJ6QW2611PC3M6TDRG'),
(38,1,2,242000,'01GXAJYAG6Z021NM3A3ZZ345PY','01GXAJYAEAHR5HWGYG23DP9BC3'),
(38,1,3,234000,'01GXAJYAGWV6BN26TRV916RR99','01GXAJYAE4TCBBCBXK8AFZEQ72'),
(39,1,1,344000,'01GXAJYAFM3WSGN0RS69T9793W','01GXAJYAFDNPR789CT772RBXFE'),
(39,1,2,919000,'01GXAJYAG6Z021NM3A3ZZ345PY','01GXAJYAEAHR5HWGYG23DP9BC3'),
(39,1,3,462000,'01GXAJYAFENZVZYTR2Q0FS0JGV','01GXAJYAF5WRST79PXZQQNTQ3A'),
(39,1,4,453000,'01GXAJYAGGYTQ1AA196FKFDE8C','01GXAJYAEB5WBVZ58QKSVS2NQX'),
(40,1,1,778000,'01GXAJYAEENCA4KZTG26MSS329','01GXAJYAF5WRST79PXZQQNTQ3A'),
(40,1,2,434000,'01GXAJYADQE30W54KAWY6TWVKQ','01GXAJYAEKY90TQG3YRENVCMP8'),
(40,1,3,736000,'01GXAJYAGGYTQ1AA196FKFDE8C','01GXAJYAGJVACM9SADS22Y67KM'),
(40,2,1,277000,'01GXAJYAFP2YZPG3PRRN9P93HJ','01GXAJYAEB5WBVZ58QKSVS2NQX'),
(40,2,2,1077000,'01GXAJYAFG8Q9XTQ0JXF8KF7NE','01GXAJYAFDNPR789CT772RBXFE'),
(40,2,3,457000,'01GXAJYAEXGAZVFZ0A45C53HYH','01GXAJYAGJVACM9SADS22Y67KM'),
(40,2,4,952000,'01GXAJYAEDVNW5NTY8PTQ9GXAN','01GXAJYADYFW9FBCDRDGV09HFC'),
(40,2,5,290000,'01GXAJYAFK0KFW2AH7WKKJCCRQ','01GXAJYAEAHR5HWGYG23DP9BC3'),
(41,1,1,493000,'01GXAJYAG0YHD9217E7ZQT8QQ4','01GXAJYAEJ6QW2611PC3M6TDRG'),
(41,1,2,498000,'01GXAJYAG4J6HXVNDDHTGQN9MV','01GXAJYAGRNSNZ3G9V3AKG79SH'),
(41,1,3,912000,'01GXAJYAGNDCQZ885A8YXNG7V6','01GXAJYAGQCW6JHESEMFQ0RDMC'),
(41,2,1,967000,'01GXAJYAEVKG9R1ZH7JYNW3C14','01GXAJYAJ5Z4XC22BGFESWA816'),
(42,1,1,997000,'01GXAJYAGDEZRMDT9SVN6CT0BR','01GXAJYAGHNG9J0C31WAQWQEAE'),
(42,1,2,987000,'01GXAJYAFFFCS83RTQJPT8ABGY','01GXAJYAJ5Z4XC22BGFESWA816'),
(42,1,3,844000,'01GXAJYAFG8Q9XTQ0JXF8KF7NE','01GXAJYAGRNSNZ3G9V3AKG79SH'),
(42,2,1,159000,'01GXAJYAGACC850M0EMJ7208YV','01GXAJYAE4TCBBCBXK8AFZEQ72'),
(42,2,2,164000,'01GXAJYAGPKAN3TSGRNYJWEGG8','01GXAJYAF5WRST79PXZQQNTQ3A'),
(43,1,1,245000,'01GXAJYAE3T4D6AGP35FJPXWC0','01GXAJYAF0TMVJ34EX6P1Y9AVP'),
(43,2,1,631000,'01GXAJYAF2X9PQAWX2RQZ0S7JA','01GXAJYAF0TMVJ34EX6P1Y9AVP'),
(44,1,1,323000,'01GXAJYAG1QHJT4X2912K14W83','01GXAJYAFDNPR789CT772RBXFE'),
(44,1,2,622000,'01GXAJYAGMWD7PCEWG9D4V7DQP','01GXAJYAEMVEPFWKRAPWC6Z1TJ'),
(44,2,1,1040000,'01GXAJYAFP2YZPG3PRRN9P93HJ','01GXAJYAFXJKB58E02S44JG72V'),
(44,3,1,235000,'01GXAJYAEENCA4KZTG26MSS329','01GXAJYADYFW9FBCDRDGV09HFC'),
(44,3,2,955000,'01GXAJYAE0TSFH9ZTACM7VQYWJ','01GXAJYAGEHKM7CBTRM3GZ5827'),
(45,1,1,972000,'01GXAJYAFAW4V5V8FRTDXG5Z35','01GXAJYAEFWKKSP0QMQKA7MHBW'),
(45,1,2,893000,'01GXAJYAFK0KFW2AH7WKKJCCRQ','01GXAJYAEKY90TQG3YRENVCMP8'),
(46,1,1,450000,'01GXAJYAF3VQV2Y2HSVA5QRQE5','01GXAJYAEKY90TQG3YRENVCMP8'),
(46,1,2,472000,'01GXAJYAFK0KFW2AH7WKKJCCRQ','01GXAJYAE8YGMWA715ABH5T582'),
(46,2,1,910000,'01GXAJYAJ71RRTFXM7WD1DWV9A','01GXAJYAEPM35T0D6QBBSC5BYT'),
(46,2,2,1034000,'01GXAJYAG4J6HXVNDDHTGQN9MV','01GXAJYAE4TCBBCBXK8AFZEQ72'),
(47,1,1,341000,'01GXAJYAE5119SW0VPD3GD17B9','01GXAJYAJ5Z4XC22BGFESWA816'),
(47,1,2,503000,'01GXAJYAFYAH7QSPADNP7Z6F1J','01GXAJYAJ5Z4XC22BGFESWA816'),
(47,1,3,391000,'01GXAJYAFK0KFW2AH7WKKJCCRQ','01GXAJYAE4TCBBCBXK8AFZEQ72'),
(47,2,1,349000,'01GXAJYAGGYTQ1AA196FKFDE8C','01GXAJYAFXJKB58E02S44JG72V'),
(47,2,2,472000,'01GXAJYAFP2YZPG3PRRN9P93HJ','01GXAJYAFTBRYF89B3BYAXCRE4'),
(48,1,1,213000,'01GXAJYAE0TSFH9ZTACM7VQYWJ','01GXAJYAEMVEPFWKRAPWC6Z1TJ'),
(48,1,2,550000,'01GXAJYAG4J6HXVNDDHTGQN9MV','01GXAJYAEY8WC3MED0XQ8JS1W1'),
(48,2,1,1009000,'01GXAJYAGGYTQ1AA196FKFDE8C','01GXAJYAGRNSNZ3G9V3AKG79SH'),
(48,2,2,298000,'01GXAJYAG6Z021NM3A3ZZ345PY','01GXAJYAGRNSNZ3G9V3AKG79SH'),
(48,3,1,362000,'01GXAJYAE9M89GQPJPBTZ6DF6Y','01GXAJYAF5WRST79PXZQQNTQ3A'),
(48,3,2,816000,'01GXAJYAEZQZ641Z7T1ZCKH4DW','01GXAJYAGEHKM7CBTRM3GZ5827'),
(48,3,3,897000,'01GXAJYAGVPX74YY6BMBKA4S85','01GXAJYAEFWKKSP0QMQKA7MHBW'),
(48,3,4,936000,'01GXAJYAGMWD7PCEWG9D4V7DQP','01GXAJYAFDNPR789CT772RBXFE'),
(48,4,1,889000,'01GXAJYAFBFJ5X0VWZ8FN9WTDQ','01GXAJYAE4TCBBCBXK8AFZEQ72'),
(48,4,2,536000,'01GXAJYAFFFCS83RTQJPT8ABGY','01GXAJYAF5WRST79PXZQQNTQ3A'),
(48,4,3,916000,'01GXAJYAGGYTQ1AA196FKFDE8C','01GXAJYAJ5Z4XC22BGFESWA816'),
(49,1,1,873000,'01GXAJYAGXBBAEAZ3PVFK399NH','01GXAJYAE8YGMWA715ABH5T582'),
(49,1,2,516000,'01GXAJYAF2X9PQAWX2RQZ0S7JA','01GXAJYAEFWKKSP0QMQKA7MHBW'),
(50,1,1,860000,'01GXAJYAGGYTQ1AA196FKFDE8C','01GXAJYAE4TCBBCBXK8AFZEQ72'),
(50,1,2,656000,'01GXAJYAGMWD7PCEWG9D4V7DQP','01GXAJYAG9J0S5AVA2NGHSGS4W'),
(51,1,1,598000,'01GXAJYAGWV6BN26TRV916RR99','01GXAJYAFTBRYF89B3BYAXCRE4'),
(51,1,2,924000,'01GXAJYAFK0KFW2AH7WKKJCCRQ','01GXAJYAGEHKM7CBTRM3GZ5827'),
(51,1,3,728000,'01GXAJYAFYAH7QSPADNP7Z6F1J','01GXAJYAGJVACM9SADS22Y67KM'),
(52,1,1,766000,'01GXAJYAE3T4D6AGP35FJPXWC0','01GXAJYAEFWKKSP0QMQKA7MHBW'),
(53,1,1,548000,'01GXAJYAF6A90T1Y2R5Y3NAMG7','01GXAJYAF5WRST79PXZQQNTQ3A'),
(53,1,2,344000,'01GXAJYAENV60N7HM3WX5PSVKA','01GXAJYAEFWKKSP0QMQKA7MHBW'),
(54,1,1,975000,'01GXAJYAGXBBAEAZ3PVFK399NH','01GXAJYAEKY90TQG3YRENVCMP8'),
(54,1,2,745000,'01GXAJYAGDEZRMDT9SVN6CT0BR','01GXAJYAGRNSNZ3G9V3AKG79SH'),
(55,1,1,701000,'01GXAJYAGXBBAEAZ3PVFK399NH','01GXAJYAE8YGMWA715ABH5T582'),
(55,1,2,168000,'01GXAJYAG1QHJT4X2912K14W83','01GXAJYAGHNG9J0C31WAQWQEAE'),
(55,1,3,638000,'01GXAJYAGVPX74YY6BMBKA4S85','01GXAJYAFQT3Q51DD06AGE5ZD0'),
(56,1,1,585000,'01GXAJYAG0YHD9217E7ZQT8QQ4','01GXAJYAGJVACM9SADS22Y67KM'),
(56,1,2,912000,'01GXAJYAEENCA4KZTG26MSS329','01GXAJYAEFWKKSP0QMQKA7MHBW'),
(56,1,3,708000,'01GXAJYAER7P7WYG700J07X862','01GXAJYAEMVEPFWKRAPWC6Z1TJ'),
(56,2,1,702000,'01GXAJYAE5119SW0VPD3GD17B9','01GXAJYAEMVEPFWKRAPWC6Z1TJ'),
(56,2,2,287000,'01GXAJYAG6Z021NM3A3ZZ345PY','01GXAJYAF5WRST79PXZQQNTQ3A'),
(56,2,3,228000,'01GXAJYAEDVNW5NTY8PTQ9GXAN','01GXAJYAF5WRST79PXZQQNTQ3A'),
(56,2,4,182000,'01GXAJYAG2PNQ3M0HGDHMBC2PA','01GXAJYAGJVACM9SADS22Y67KM'),
(56,2,5,125000,'01GXAJYAEDVNW5NTY8PTQ9GXAN','01GXAJYAEY8WC3MED0XQ8JS1W1'),
(56,2,6,978000,'01GXAJYAGCC4M2RSYXDTZ6Q0C9','01GXAJYAEAHR5HWGYG23DP9BC3'),
(56,2,7,416000,'01GXAJYAEENCA4KZTG26MSS329','01GXAJYAFDNPR789CT772RBXFE'),
(57,1,1,1046000,'01GXAJYAEZQZ641Z7T1ZCKH4DW','01GXAJYAGEHKM7CBTRM3GZ5827'),
(57,2,1,884000,'01GXAJYAGCC4M2RSYXDTZ6Q0C9','01GXAJYAEPM35T0D6QBBSC5BYT'),
(57,2,2,183000,'01GXAJYAEVKG9R1ZH7JYNW3C14','01GXAJYAEB5WBVZ58QKSVS2NQX'),
(58,1,1,162000,'01GXAJYAJ4C9V3CQ4Y1TFMRJAH','01GXAJYAEY8WC3MED0XQ8JS1W1'),
(58,1,2,162000,'01GXAJYAGDEZRMDT9SVN6CT0BR','01GXAJYAFDNPR789CT772RBXFE'),
(59,1,1,223000,'01GXAJYAF6A90T1Y2R5Y3NAMG7','01GXAJYAEB5WBVZ58QKSVS2NQX'),
(59,1,2,533000,'01GXAJYAEZQZ641Z7T1ZCKH4DW','01GXAJYAF0TMVJ34EX6P1Y9AVP'),
(59,1,3,893000,'01GXAJYAFSX77MABHFB7V7BS3Q','01GXAJYADYFW9FBCDRDGV09HFC'),
(60,1,1,769000,'01GXAJYAGVPX74YY6BMBKA4S85','01GXAJYAG9J0S5AVA2NGHSGS4W'),
(60,2,1,1066000,'01GXAJYAFSX77MABHFB7V7BS3Q','01GXAJYAFDNPR789CT772RBXFE'),
(61,1,1,2955000,'01GXAJYAESTH9KGNZ6PMAJC4QE','01GXAJYAGJVACM9SADS22Y67KM'),
(62,1,1,9595000,'01GXAJYAEZQZ641Z7T1ZCKH4DW','01GXAJYAE4TCBBCBXK8AFZEQ72'),
(63,1,1,4933000,'01GXAJYADZS6ARS5RHA56AG59Z','01GXAJYAEPM35T0D6QBBSC5BYT'),
(63,1,2,4288000,'01GXAJYAFJVF940X1EVBGH7SN3','01GXAJYAEAHR5HWGYG23DP9BC3'),
(64,1,1,9288000,'01GXAJYAF2X9PQAWX2RQZ0S7JA','01GXAJYADYFW9FBCDRDGV09HFC'),
(64,2,1,1820000,'01GXAJYAFP2YZPG3PRRN9P93HJ','01GXAJYAGJVACM9SADS22Y67KM'),
(65,1,1,2308000,'01GXAJYADZS6ARS5RHA56AG59Z','01GXAJYAEAHR5HWGYG23DP9BC3'),
(65,2,1,787000,'01GXAJYAG2PNQ3M0HGDHMBC2PA','01GXAJYADYFW9FBCDRDGV09HFC'),
(66,1,1,8271000,'01GXAJYAF2X9PQAWX2RQZ0S7JA','01GXAJYADYFW9FBCDRDGV09HFC'),
(67,1,1,1694000,'01GXAJYAEZQZ641Z7T1ZCKH4DW','01GXAJYAEAHR5HWGYG23DP9BC3'),
(67,2,1,342000,'01GXAJYAESTH9KGNZ6PMAJC4QE','01GXAJYAE4TCBBCBXK8AFZEQ72'),
(67,2,2,3721000,'01GXAJYAFP2YZPG3PRRN9P93HJ','01GXAJYAGEHKM7CBTRM3GZ5827'),
(68,1,1,6782000,'01GXAJYAE3T4D6AGP35FJPXWC0','01GXAJYAE4TCBBCBXK8AFZEQ72'),
(69,1,1,7348000,'01GXAJYADZS6ARS5RHA56AG59Z','01GXAJYAJ5Z4XC22BGFESWA816'),
(69,2,1,1728000,'01GXAJYAGTWRF4MPCHAFHSWB07','01GXAJYAJ5Z4XC22BGFESWA816'),
(70,1,1,8196000,'01GXAJYAESTH9KGNZ6PMAJC4QE','01GXAJYAFTBRYF89B3BYAXCRE4'),
(71,1,1,8677000,'01GXAJYAJ8A23HE21NVRXBNYXH','01GXAJYAJ5Z4XC22BGFESWA816'),
(72,1,1,5631000,'01GXAJYAE3T4D6AGP35FJPXWC0','01GXAJYAE4TCBBCBXK8AFZEQ72'),
(73,1,1,3421000,'01GXAJYAESTH9KGNZ6PMAJC4QE','01GXAJYAF0TMVJ34EX6P1Y9AVP'),
(73,2,1,5327000,'01GXAJYAF2X9PQAWX2RQZ0S7JA','01GXAJYAE4TCBBCBXK8AFZEQ72'),
(74,1,1,3517000,'01GXAJYADZS6ARS5RHA56AG59Z','01GXAJYAJ5Z4XC22BGFESWA816'),
(74,1,2,8852000,'01GXAJYAEZQZ641Z7T1ZCKH4DW','01GXAJYAE4TCBBCBXK8AFZEQ72'),
(74,2,1,3280000,'01GXAJYAF2X9PQAWX2RQZ0S7JA','01GXAJYAGJVACM9SADS22Y67KM'),
(74,3,1,7294000,'01GXAJYAGTWRF4MPCHAFHSWB07','01GXAJYAGEHKM7CBTRM3GZ5827'),
(74,3,2,3516000,'01GXAJYAESTH9KGNZ6PMAJC4QE','01GXAJYAJ5Z4XC22BGFESWA816'),
(75,1,1,2610000,'01GXAJYAG4J6HXVNDDHTGQN9MV','01GXAJYAFTBRYF89B3BYAXCRE4'),
(75,2,1,4082000,'01GXAJYAFP2YZPG3PRRN9P93HJ','01GXAJYAEPM35T0D6QBBSC5BYT'),
(76,1,1,7066000,'01GXAJYAG4J6HXVNDDHTGQN9MV','01GXAJYAJ5Z4XC22BGFESWA816'),
(77,1,1,2759000,'01GXAJYAESTH9KGNZ6PMAJC4QE','01GXAJYAJ5Z4XC22BGFESWA816'),
(78,1,1,2994000,'01GXAJYAJ8A23HE21NVRXBNYXH','01GXAJYAF0TMVJ34EX6P1Y9AVP'),
(78,1,2,3082000,'01GXAJYAG2PNQ3M0HGDHMBC2PA','01GXAJYAEPM35T0D6QBBSC5BYT'),
(78,1,3,992000,'01GXAJYAFJVF940X1EVBGH7SN3','01GXAJYAEY8WC3MED0XQ8JS1W1'),
(79,1,1,4427000,'01GXAJYAJ71RRTFXM7WD1DWV9A','01GXAJYAEPM35T0D6QBBSC5BYT'),
(80,1,1,9618000,'01GXAJYAESTH9KGNZ6PMAJC4QE','01GXAJYAGEHKM7CBTRM3GZ5827'),
(81,1,1,4415000,'01GXAJYAF2X9PQAWX2RQZ0S7JA','01GXAJYAFXJKB58E02S44JG72V'),
(81,2,1,8328000,'01GXAJYAEZQZ641Z7T1ZCKH4DW','01GXAJYAJ5Z4XC22BGFESWA816'),
(82,1,1,3334000,'01GXAJYAESTH9KGNZ6PMAJC4QE','01GXAJYAFXJKB58E02S44JG72V'),
(82,2,1,2294000,'01GXAJYADZS6ARS5RHA56AG59Z','01GXAJYAF0TMVJ34EX6P1Y9AVP'),
(83,1,1,1867000,'01GXAJYAFP2YZPG3PRRN9P93HJ','01GXAJYAFXJKB58E02S44JG72V'),
(83,1,2,6319000,'01GXAJYAG4J6HXVNDDHTGQN9MV','01GXAJYAEPM35T0D6QBBSC5BYT'),
(83,2,1,5258000,'01GXAJYAG2PNQ3M0HGDHMBC2PA','01GXAJYAEY8WC3MED0XQ8JS1W1'),
(84,1,1,7674000,'01GXAJYAE3T4D6AGP35FJPXWC0','01GXAJYAGEHKM7CBTRM3GZ5827'),
(85,1,1,6348000,'01GXAJYAGTWRF4MPCHAFHSWB07','01GXAJYAGJVACM9SADS22Y67KM'),
(85,1,2,7355000,'01GXAJYAENV60N7HM3WX5PSVKA','01GXAJYAF0TMVJ34EX6P1Y9AVP'),
(85,1,3,8664000,'01GXAJYAF2X9PQAWX2RQZ0S7JA','01GXAJYAFTBRYF89B3BYAXCRE4'),
(86,1,1,6877000,'01GXAJYAF2X9PQAWX2RQZ0S7JA','01GXAJYAF0TMVJ34EX6P1Y9AVP'),
(87,1,1,2126000,'01GXAJYAENV60N7HM3WX5PSVKA','01GXAJYAF0TMVJ34EX6P1Y9AVP'),
(87,2,1,4855000,'01GXAJYADZS6ARS5RHA56AG59Z','01GXAJYAJ5Z4XC22BGFESWA816'),
(87,3,1,2504000,'01GXAJYADZS6ARS5RHA56AG59Z','01GXAJYAEMVEPFWKRAPWC6Z1TJ'),
(88,1,1,9194000,'01GXAJYAJ71RRTFXM7WD1DWV9A','01GXAJYAEPM35T0D6QBBSC5BYT'),
(89,1,1,8832000,'01GXAJYAG2PNQ3M0HGDHMBC2PA','01GXAJYAEMVEPFWKRAPWC6Z1TJ'),
(89,1,2,5102000,'01GXAJYAJ8A23HE21NVRXBNYXH','01GXAJYAEY8WC3MED0XQ8JS1W1'),
(90,1,1,7637000,'01GXAJYAGTWRF4MPCHAFHSWB07','01GXAJYAEMVEPFWKRAPWC6Z1TJ'),
(90,2,1,5219000,'01GXAJYAF2X9PQAWX2RQZ0S7JA','01GXAJYAEPM35T0D6QBBSC5BYT'),
(91,1,1,343000,'01GXAJYAF3VQV2Y2HSVA5QRQE5','01GXAJYAGRNSNZ3G9V3AKG79SH'),
(91,1,2,235000,'01GXAJYAEENCA4KZTG26MSS329','01GXAJYAE4TCBBCBXK8AFZEQ72'),
(91,1,3,462000,'01GXAJYAGDEZRMDT9SVN6CT0BR','01GXAJYAF5WRST79PXZQQNTQ3A'),
(91,2,1,334000,'01GXAJYAG8PSZT8HZ9A4SZ5TQT','01GXAJYAEAHR5HWGYG23DP9BC3'),
(92,1,1,307000,'01GXAJYAEZQZ641Z7T1ZCKH4DW','01GXAJYAEY8WC3MED0XQ8JS1W1'),
(93,1,1,253000,'01GXAJYAF87GDT4ZK9B6F5RDJ3','01GXAJYAGQCW6JHESEMFQ0RDMC'),
(93,2,1,224000,'01GXAJYAE3T4D6AGP35FJPXWC0','01GXAJYAFTBRYF89B3BYAXCRE4'),
(93,2,2,259000,'01GXAJYADZS6ARS5RHA56AG59Z','01GXAJYAEPM35T0D6QBBSC5BYT'),
(93,3,1,393000,'01GXAJYAFAW4V5V8FRTDXG5Z35','01GXAJYAE4TCBBCBXK8AFZEQ72'),
(93,3,2,81800,'01GXAJYAGGYTQ1AA196FKFDE8C','01GXAJYAEKY90TQG3YRENVCMP8'),
(94,1,1,292000,'01GXAJYAE3T4D6AGP35FJPXWC0','01GXAJYAEPM35T0D6QBBSC5BYT'),
(94,1,2,364000,'01GXAJYAFM3WSGN0RS69T9793W','01GXAJYAJ5Z4XC22BGFESWA816'),
(94,2,1,366000,'01GXAJYAE9M89GQPJPBTZ6DF6Y','01GXAJYAEJ6QW2611PC3M6TDRG'),
(95,1,1,128000,'01GXAJYADQE30W54KAWY6TWVKQ','01GXAJYAGRNSNZ3G9V3AKG79SH'),
(96,1,1,551000,'01GXAJYAFK0KFW2AH7WKKJCCRQ','01GXAJYAE8YGMWA715ABH5T582'),
(97,1,1,267000,'01GXAJYAJ71RRTFXM7WD1DWV9A','01GXAJYAGHNG9J0C31WAQWQEAE'),
(97,1,2,115000,'01GXAJYAEZQZ641Z7T1ZCKH4DW','01GXAJYAF5WRST79PXZQQNTQ3A'),
(97,2,1,109000,'01GXAJYAGACC850M0EMJ7208YV','01GXAJYAEB5WBVZ58QKSVS2NQX'),
(98,1,1,431000,'01GXAJYAJ2APCWZCCSNA4XDRYK','01GXAJYAGEHKM7CBTRM3GZ5827'),
(99,1,1,317000,'01GXAJYAGACC850M0EMJ7208YV','01GXAJYAGEHKM7CBTRM3GZ5827'),
(99,1,2,286000,'01GXAJYAFAW4V5V8FRTDXG5Z35','01GXAJYAFQT3Q51DD06AGE5ZD0'),
(100,1,1,51000,'01GXAJYAESTH9KGNZ6PMAJC4QE','01GXAJYAEY8WC3MED0XQ8JS1W1'),
(101,1,1,210000,'01GXAJYAEXGAZVFZ0A45C53HYH','01GXAJYAGHNG9J0C31WAQWQEAE'),
(102,1,1,180400,'01GXAJYAER7P7WYG700J07X862','01GXAJYADYFW9FBCDRDGV09HFC'),
(102,1,2,338000,'01GXAJYAE0TSFH9ZTACM7VQYWJ','01GXAJYAEFWKKSP0QMQKA7MHBW'),
(102,1,3,119000,'01GXAJYAEVKG9R1ZH7JYNW3C14','01GXAJYAFDNPR789CT772RBXFE'),
(103,1,1,287000,'01GXAJYAGPKAN3TSGRNYJWEGG8','01GXAJYAEJ6QW2611PC3M6TDRG'),
(103,1,2,139000,'01GXAJYAER7P7WYG700J07X862','01GXAJYAGRNSNZ3G9V3AKG79SH'),
(103,1,3,67000,'01GXAJYAEENCA4KZTG26MSS329','01GXAJYAEFWKKSP0QMQKA7MHBW'),
(103,1,4,368000,'01GXAJYAG4J6HXVNDDHTGQN9MV','01GXAJYAEY8WC3MED0XQ8JS1W1'),
(103,2,1,352000,'01GXAJYAE3T4D6AGP35FJPXWC0','01GXAJYAJ5Z4XC22BGFESWA816'),
(103,2,2,477000,'01GXAJYAGTWRF4MPCHAFHSWB07','01GXAJYAGEHKM7CBTRM3GZ5827'),
(103,3,1,100000,'01GXAJYAEENCA4KZTG26MSS329','01GXAJYAG9J0S5AVA2NGHSGS4W'),
(104,1,1,99000,'01GXAJYAGCC4M2RSYXDTZ6Q0C9','01GXAJYAEY8WC3MED0XQ8JS1W1'),
(105,1,1,313000,'01GXAJYAE5119SW0VPD3GD17B9','01GXAJYAGQCW6JHESEMFQ0RDMC'),
(105,1,2,453000,'01GXAJYAEDVNW5NTY8PTQ9GXAN','01GXAJYAEKY90TQG3YRENVCMP8'),
(105,2,1,168000,'01GXAJYAEGZ9XGWWY56H6HMWN1','01GXAJYAEFWKKSP0QMQKA7MHBW'),
(106,1,1,155000,'01GXAJYAER7P7WYG700J07X862','01GXAJYAE4TCBBCBXK8AFZEQ72'),
(106,1,2,378000,'01GXAJYAG8PSZT8HZ9A4SZ5TQT','01GXAJYAE20Z3X5HCSW8DKHAE9'),
(107,1,1,237000,'01GXAJYAG8PSZT8HZ9A4SZ5TQT','01GXAJYAEMVEPFWKRAPWC6Z1TJ'),
(108,1,1,469000,'01GXAJYAGDEZRMDT9SVN6CT0BR','01GXAJYAEB5WBVZ58QKSVS2NQX'),
(109,1,1,220000,'01GXAJYAEXGAZVFZ0A45C53HYH','01GXAJYAFTBRYF89B3BYAXCRE4'),
(109,1,2,220000,'01GXAJYAFG8Q9XTQ0JXF8KF7NE','01GXAJYAEMVEPFWKRAPWC6Z1TJ'),
(110,1,1,91000,'01GXAJYAGDEZRMDT9SVN6CT0BR','01GXAJYAJ5Z4XC22BGFESWA816'),
(110,1,2,153000,'01GXAJYAE9M89GQPJPBTZ6DF6Y','01GXAJYAEJ6QW2611PC3M6TDRG'),
(110,1,3,474000,'01GXAJYAG0YHD9217E7ZQT8QQ4','01GXAJYAF0TMVJ34EX6P1Y9AVP'),
(110,2,1,283000,'01GXAJYAFK0KFW2AH7WKKJCCRQ','01GXAJYAF0TMVJ34EX6P1Y9AVP'),
(110,2,2,282000,'01GXAJYAG6Z021NM3A3ZZ345PY','01GXAJYAEPM35T0D6QBBSC5BYT'),
(111,1,1,302000,'01GXAJYAESTH9KGNZ6PMAJC4QE','01GXAJYAGJVACM9SADS22Y67KM'),
(112,1,1,271000,'01GXAJYAF6A90T1Y2R5Y3NAMG7','01GXAJYAFDNPR789CT772RBXFE'),
(113,1,1,215000,'01GXAJYAGDEZRMDT9SVN6CT0BR','01GXAJYAF5WRST79PXZQQNTQ3A'),
(114,1,1,444000,'01GXAJYAFP2YZPG3PRRN9P93HJ','01GXAJYAEPM35T0D6QBBSC5BYT'),
(114,1,2,228000,'01GXAJYAJ4C9V3CQ4Y1TFMRJAH','01GXAJYAGEHKM7CBTRM3GZ5827'),
(115,1,1,176000,'01GXAJYADQE30W54KAWY6TWVKQ','01GXAJYAE20Z3X5HCSW8DKHAE9'),
(115,1,2,308000,'01GXAJYAE0TSFH9ZTACM7VQYWJ','01GXAJYAGRNSNZ3G9V3AKG79SH'),
(115,1,3,87000,'01GXAJYAGPKAN3TSGRNYJWEGG8','01GXAJYAEAHR5HWGYG23DP9BC3'),
(115,2,1,285000,'01GXAJYAGVPX74YY6BMBKA4S85','01GXAJYAG9J0S5AVA2NGHSGS4W'),
(115,3,1,191000,'01GXAJYAENV60N7HM3WX5PSVKA','01GXAJYAGQCW6JHESEMFQ0RDMC'),
(115,3,2,182000,'01GXAJYAFBFJ5X0VWZ8FN9WTDQ','01GXAJYAFTBRYF89B3BYAXCRE4'),
(116,1,1,144000,'01GXAJYAFV2C4MWAQWQTMT0RA3','01GXAJYAFQT3Q51DD06AGE5ZD0'),
(117,1,1,482000,'01GXAJYAGCC4M2RSYXDTZ6Q0C9','01GXAJYAGQCW6JHESEMFQ0RDMC'),
(117,1,2,407000,'01GXAJYAG0YHD9217E7ZQT8QQ4','01GXAJYAJ5Z4XC22BGFESWA816'),
(118,1,1,133900,'01GXAJYAGNDCQZ885A8YXNG7V6','01GXAJYAEAHR5HWGYG23DP9BC3'),
(119,1,1,409000,'01GXAJYAJ71RRTFXM7WD1DWV9A','01GXAJYAEKY90TQG3YRENVCMP8'),
(120,1,1,160000,'01GXAJYAE6FTD9FVTVA8CGAJ3J','01GXAJYAGHNG9J0C31WAQWQEAE'),
(120,1,2,106000,'01GXAJYAJ71RRTFXM7WD1DWV9A','01GXAJYADYFW9FBCDRDGV09HFC'),
(120,2,1,229000,'01GXAJYADQE30W54KAWY6TWVKQ','01GXAJYAGQCW6JHESEMFQ0RDMC'),
(121,1,1,400000,'01GXAJYAFV2C4MWAQWQTMT0RA3','01GXAJYAGEHKM7CBTRM3GZ5827'),
(122,1,1,1100000,'01GXAJYAGDEZRMDT9SVN6CT0BR','01GXAJYAEMVEPFWKRAPWC6Z1TJ'),
(123,1,1,200000,'01GXAJYAG1QHJT4X2912K14W83','01GXAJYAEAHR5HWGYG23DP9BC3'),
(124,1,1,200000,'01GXAJYAE3T4D6AGP35FJPXWC0','01GXAJYAGQCW6JHESEMFQ0RDMC'),
(125,1,1,350000,'01GXAJYAEVKG9R1ZH7JYNW3C14','01GXAJYAEPM35T0D6QBBSC5BYT'),
(126,1,1,320000,'01GXAJYAGGYTQ1AA196FKFDE8C','01GXAJYAG9J0S5AVA2NGHSGS4W'),
(127,1,1,13200000,'01GXAJYAGCC4M2RSYXDTZ6Q0C9','01GXAJYAEJ6QW2611PC3M6TDRG'),
(127,2,2,360000,'01GXAJYAFSX77MABHFB7V7BS3Q','01GXAJYAGQCW6JHESEMFQ0RDMC'),
(128,1,1,8900000,'01GXAJYAEDVNW5NTY8PTQ9GXAN','01GXAJYAFTBRYF89B3BYAXCRE4'),
(129,1,1,7820000,'01GXAJYAJ2APCWZCCSNA4XDRYK','01GXAJYAE20Z3X5HCSW8DKHAE9'),
(130,1,1,200000,'01GXAJYAG6Z021NM3A3ZZ345PY','01GXAJYAG9J0S5AVA2NGHSGS4W'),
(131,1,1,2150000,'01GXAJYAFSX77MABHFB7V7BS3Q','01GXAJYAJ5Z4XC22BGFESWA816'),
(132,1,1,230000,'01GXAJYAFSX77MABHFB7V7BS3Q','01GXAJYAFTBRYF89B3BYAXCRE4'),
(133,1,1,327000,'01GXAJYAEDVNW5NTY8PTQ9GXAN','01GXAJYAEPM35T0D6QBBSC5BYT'),
(133,2,2,200000,'01GXAJYAG8PSZT8HZ9A4SZ5TQT','01GXAJYAEB5WBVZ58QKSVS2NQX'),
(134,1,1,39340000,'01GXAJYAFM3WSGN0RS69T9793W','01GXAJYAFDNPR789CT772RBXFE'),
(135,1,1,2090000,'01GXAJYAJ71RRTFXM7WD1DWV9A','01GXAJYAJ5Z4XC22BGFESWA816'),
(136,1,1,430000,'01GXAJYAG8PSZT8HZ9A4SZ5TQT','01GXAJYAEPM35T0D6QBBSC5BYT'),
(137,1,1,412000,'01GXAJYAFBFJ5X0VWZ8FN9WTDQ','01GXAJYAEAHR5HWGYG23DP9BC3'),
(138,1,1,200000,'01GXAJYAEDVNW5NTY8PTQ9GXAN','01GXAJYAFQT3Q51DD06AGE5ZD0'),
(139,1,1,340000,'01GXAJYAFJVF940X1EVBGH7SN3','01GXAJYAEY8WC3MED0XQ8JS1W1'),
(139,2,2,200000,'01GXAJYAGGYTQ1AA196FKFDE8C','01GXAJYAGHNG9J0C31WAQWQEAE'),
(139,3,3,670000,'01GXAJYAE5119SW0VPD3GD17B9','01GXAJYAJ5Z4XC22BGFESWA816'),
(140,1,1,1360000,'01GXAJYAEVKG9R1ZH7JYNW3C14','01GXAJYAGQCW6JHESEMFQ0RDMC'),
(140,2,2,200000,'01GXAJYAFYAH7QSPADNP7Z6F1J','01GXAJYAEY8WC3MED0XQ8JS1W1'),
(141,1,1,200000,'01GXAJYAG6Z021NM3A3ZZ345PY','01GXAJYAFDNPR789CT772RBXFE'),
(142,1,1,370000,'01GXAJYAENV60N7HM3WX5PSVKA','01GXAJYAGQCW6JHESEMFQ0RDMC'),
(143,1,1,200000,'01GXAJYAG1QHJT4X2912K14W83','01GXAJYAEJ6QW2611PC3M6TDRG'),
(144,1,1,26000000,'01GXAJYAJ4C9V3CQ4Y1TFMRJAH','01GXAJYAFXJKB58E02S44JG72V'),
(145,1,1,240000,'01GXAJYAEXGAZVFZ0A45C53HYH','01GXAJYAGQCW6JHESEMFQ0RDMC'),
(146,1,1,200000,'01GXAJYAFSX77MABHFB7V7BS3Q','01GXAJYAGJVACM9SADS22Y67KM'),
(147,1,1,570000,'01GXAJYAG6Z021NM3A3ZZ345PY','01GXAJYAEAHR5HWGYG23DP9BC3'),
(148,1,1,200000,'01GXAJYAGDEZRMDT9SVN6CT0BR','01GXAJYAGEHKM7CBTRM3GZ5827'),
(149,1,1,200000,'01GXAJYAG4J6HXVNDDHTGQN9MV','01GXAJYAF0TMVJ34EX6P1Y9AVP'),
(150,1,1,450000,'01GXAJYAF6A90T1Y2R5Y3NAMG7','01GXAJYAEY8WC3MED0XQ8JS1W1'),
(150,2,2,200000,'01GXAJYAEDVNW5NTY8PTQ9GXAN','01GXAJYAE4TCBBCBXK8AFZEQ72');
/*!40000 ALTER TABLE `aktivitas_medis` ENABLE KEYS */;
UNLOCK TABLES;

--
-- Table structure for table `asuransi`
--

DROP TABLE IF EXISTS `asuransi`;
/*!40101 SET @saved_cs_client     = @@character_set_client */;
/*!40101 SET character_set_client = utf8 */;
CREATE TABLE `asuransi` (
  `nama_asuransi` varchar(50) NOT NULL,
  `no_telepon` varchar(50) DEFAULT NULL,
  `nama_kontak` varchar(50) DEFAULT NULL,
  PRIMARY KEY (`nama_asuransi`)
) ENGINE=InnoDB DEFAULT CHARSET=latin1 COLLATE=latin1_swedish_ci;
/*!40101 SET character_set_client = @saved_cs_client */;

--
-- Dumping data for table `asuransi`
--

LOCK TABLES `asuransi` WRITE;
/*!40000 ALTER TABLE `asuransi` DISABLE KEYS */;
INSERT INTO `asuransi` VALUES
('Batz Group','326-438-7480','Consuelo Greenwood'),
('Berge and Sons','949-914-0704','Maren Danaher'),
('Heaney, Hayes and Durgan','879-797-1610','Francesco Labes'),
('Herman, Romaguera and Simonis','515-809-2010','Correna Twelvetrees'),
('Kuvalis-Erdman','802-816-1474','Pebrook Fice'),
('McDermott, Bashirian and Witting','942-816-6650','Guilbert Ownsworth'),
('Rowe-Armstrong','118-649-9483','Carine Guerrero'),
('Schoen, Huel and Emard','183-721-6948','Kenn Nolder'),
('Stanton LLC','515-414-0363','Bernardine Beert'),
('Turcotte Group','515-904-4046','Emelita McTeggart');
/*!40000 ALTER TABLE `asuransi` ENABLE KEYS */;
UNLOCK TABLES;

--
-- Table structure for table `departemen`
--

DROP TABLE IF EXISTS `departemen`;
/*!40101 SET @saved_cs_client     = @@character_set_client */;
/*!40101 SET character_set_client = utf8 */;
CREATE TABLE `departemen` (
  `id_dept` char(5) NOT NULL,
  `nama_dept` varchar(50) NOT NULL,
  `aset` decimal(13,2) DEFAULT NULL,
  PRIMARY KEY (`id_dept`)
) ENGINE=InnoDB DEFAULT CHARSET=latin1 COLLATE=latin1_swedish_ci;
/*!40101 SET character_set_client = @saved_cs_client */;

--
-- Dumping data for table `departemen`
--

LOCK TABLES `departemen` WRITE;
/*!40000 ALTER TABLE `departemen` DISABLE KEYS */;
INSERT INTO `departemen` VALUES
('DPT01','Bedah',100000.00),
('DPT02','Urologi',200000.00),
('DPT03','Dermatologi',300000.00),
('DPT04','Kesehatan Anak',400000.00),
('DPT05','Kesehatan Jiwa',500000.00),
('DPT06','Gigi dan Mulut',600000.00),
('DPT07','Mikrobiologi dan Gizi',700000.00),
('DPT08','Kebidanan dan Kandungan',800000.00),
('DPT09','Penyakit Dalam dan Saraf',900000.00),
('DPT10','THT (Telinga, Hidung, dan Tenggorokan)',1000000.00);
/*!40000 ALTER TABLE `departemen` ENABLE KEYS */;
UNLOCK TABLES;

--
-- Table structure for table `dokter`
--

DROP TABLE IF EXISTS `dokter`;
/*!40101 SET @saved_cs_client     = @@character_set_client */;
/*!40101 SET character_set_client = utf8 */;
CREATE TABLE `dokter` (
  `no_lisensi` char(26) NOT NULL,
  `spesialisasi` varchar(50) DEFAULT NULL,
  PRIMARY KEY (`no_lisensi`),
  CONSTRAINT `dokter_ibfk_1` FOREIGN KEY (`no_lisensi`) REFERENCES `tenaga_medis` (`no_lisensi`)
) ENGINE=InnoDB DEFAULT CHARSET=latin1 COLLATE=latin1_swedish_ci;
/*!40101 SET character_set_client = @saved_cs_client */;

--
-- Dumping data for table `dokter`
--

LOCK TABLES `dokter` WRITE;
/*!40000 ALTER TABLE `dokter` DISABLE KEYS */;
INSERT INTO `dokter` VALUES
('01GXAJYADYFW9FBCDRDGV09HFC','Gizi Klinik'),
('01GXAJYAE20Z3X5HCSW8DKHAE9','Kandung Kemih'),
('01GXAJYAE4TCBBCBXK8AFZEQ72','Psikolog Klinis'),
('01GXAJYAE8YGMWA715ABH5T582','Kulit dan Kelamin'),
('01GXAJYAEAHR5HWGYG23DP9BC3','THT (Telinga, Hidung, dan Tenggorokan)'),
('01GXAJYAEB5WBVZ58QKSVS2NQX','Mikrobiologi Medis'),
('01GXAJYAEFWKKSP0QMQKA7MHBW','Bedah Umum'),
('01GXAJYAEJ6QW2611PC3M6TDRG','Audiologi'),
('01GXAJYAEKY90TQG3YRENVCMP8','Ortodonti'),
('01GXAJYAEMVEPFWKRAPWC6Z1TJ','Terapi Perilaku'),
('01GXAJYAEPM35T0D6QBBSC5BYT','Neurologi'),
('01GXAJYAEY8WC3MED0XQ8JS1W1','Urologi'),
('01GXAJYAF0TMVJ34EX6P1Y9AVP','Periodonti'),
('01GXAJYAF5WRST79PXZQQNTQ3A','Ilmu Gizi'),
('01GXAJYAFDNPR789CT772RBXFE','Obstetri dan Ginekologi'),
('01GXAJYAFQT3Q51DD06AGE5ZD0','Kosmetik'),
('01GXAJYAFTBRYF89B3BYAXCRE4','Ortodonti'),
('01GXAJYAFXJKB58E02S44JG72V','Kesehatan Anak'),
('01GXAJYAG9J0S5AVA2NGHSGS4W','Hematologi'),
('01GXAJYAGEHKM7CBTRM3GZ5827','Kandungan Onkologi'),
('01GXAJYAGHNG9J0C31WAQWQEAE','Kulit dan Kelamin'),
('01GXAJYAGJVACM9SADS22Y67KM','Neonatologi'),
('01GXAJYAGQCW6JHESEMFQ0RDMC','Bedah Plastik'),
('01GXAJYAGRNSNZ3G9V3AKG79SH','Penyakit Dalam'),
('01GXAJYAJ5Z4XC22BGFESWA816','Psikiatri');
/*!40000 ALTER TABLE `dokter` ENABLE KEYS */;
UNLOCK TABLES;

--
-- Table structure for table `fasilitas`
--

DROP TABLE IF EXISTS `fasilitas`;
/*!40101 SET @saved_cs_client     = @@character_set_client */;
/*!40101 SET character_set_client = utf8 */;
CREATE TABLE `fasilitas` (
  `id_kelas` int(11) NOT NULL,
  `nama_fasilitas` varchar(50) NOT NULL,
  PRIMARY KEY (`id_kelas`,`nama_fasilitas`),
  CONSTRAINT `fasilitas_ibfk_1` FOREIGN KEY (`id_kelas`) REFERENCES `kelas_kamar` (`id_kelas`)
) ENGINE=InnoDB DEFAULT CHARSET=latin1 COLLATE=latin1_swedish_ci;
/*!40101 SET character_set_client = @saved_cs_client */;

--
-- Dumping data for table `fasilitas`
--

LOCK TABLES `fasilitas` WRITE;
/*!40000 ALTER TABLE `fasilitas` DISABLE KEYS */;
INSERT INTO `fasilitas` VALUES
(1,'Kamar mandi'),
(1,'Kulkas'),
(1,'Kursi penunggu pasien'),
(1,'Lemari penyimpanan'),
(1,'Pendingin ruangan'),
(1,'Tempat tidur'),
(1,'Toilet'),
(1,'TV'),
(1,'Wi-Fi'),
(2,'Kamar mandi'),
(2,'Kulkas'),
(2,'Kursi penunggu pasien'),
(2,'Lemari penyimpanan'),
(2,'Pendingin ruangan'),
(2,'Tempat tidur'),
(2,'Toilet'),
(2,'TV'),
(2,'Wi-Fi'),
(3,'Kamar mandi'),
(3,'Kursi penunggu pasien'),
(3,'Lemari penyimpanan'),
(3,'Pendingin ruangan'),
(3,'Tempat tidur'),
(3,'Toilet'),
(3,'Wi-Fi'),
(4,'Kamar mandi'),
(4,'Kursi penunggu pasien'),
(4,'Lemari penyimpanan'),
(4,'Pendingin ruangan'),
(4,'Tempat tidur'),
(4,'Toilet'),
(5,'Kamar mandi'),
(5,'Kursi penunggu pasien'),
(5,'Lemari penyimpanan'),
(5,'Pendingin ruangan'),
(5,'Tempat tidur'),
(5,'Toilet');
/*!40000 ALTER TABLE `fasilitas` ENABLE KEYS */;
UNLOCK TABLES;

--
-- Table structure for table `kamar`
--

DROP TABLE IF EXISTS `kamar`;
/*!40101 SET @saved_cs_client     = @@character_set_client */;
/*!40101 SET character_set_client = utf8 */;
CREATE TABLE `kamar` (
  `lantai` int(11) NOT NULL,
  `no_kamar` int(11) NOT NULL,
  `id_kelas` int(11) DEFAULT NULL,
  `kapasitas_tersisa` int(11) DEFAULT NULL,
  PRIMARY KEY (`lantai`,`no_kamar`),
  KEY `id_kelas` (`id_kelas`),
  CONSTRAINT `kamar_ibfk_1` FOREIGN KEY (`id_kelas`) REFERENCES `kelas_kamar` (`id_kelas`)
) ENGINE=InnoDB DEFAULT CHARSET=latin1 COLLATE=latin1_swedish_ci;
/*!40101 SET character_set_client = @saved_cs_client */;

--
-- Dumping data for table `kamar`
--

LOCK TABLES `kamar` WRITE;
/*!40000 ALTER TABLE `kamar` DISABLE KEYS */;
INSERT INTO `kamar` VALUES
(1,100,1,1),
(1,101,2,1),
(1,102,2,1),
(1,103,3,2),
(1,104,3,2),
(1,105,4,4),
(1,106,4,4),
(1,107,5,6),
(1,108,5,6),
(1,109,5,6),
(2,200,1,1),
(2,201,2,1),
(2,202,2,1),
(2,203,3,2),
(2,204,3,2),
(2,205,4,4),
(2,206,4,4),
(2,207,5,6),
(2,208,5,6),
(2,209,5,6),
(3,300,1,1),
(3,301,2,1),
(3,302,2,1),
(3,303,3,2),
(3,304,3,2),
(3,305,4,4),
(3,306,4,4),
(3,307,5,6),
(3,308,5,6),
(3,309,5,6),
(4,400,1,1),
(4,401,2,1),
(4,402,3,2),
(4,403,3,2),
(4,404,4,4),
(4,405,4,4),
(4,406,4,4),
(4,407,5,6),
(4,408,5,6),
(4,409,5,6),
(5,500,1,1),
(5,501,2,1),
(5,502,3,2),
(5,503,3,2),
(5,504,4,4),
(5,505,4,4),
(5,506,4,4),
(5,507,5,6),
(5,508,5,6),
(5,509,5,6);
/*!40000 ALTER TABLE `kamar` ENABLE KEYS */;
UNLOCK TABLES;

--
-- Table structure for table `kelas_kamar`
--

DROP TABLE IF EXISTS `kelas_kamar`;
/*!40101 SET @saved_cs_client     = @@character_set_client */;
/*!40101 SET character_set_client = utf8 */;
CREATE TABLE `kelas_kamar` (
  `id_kelas` int(11) NOT NULL,
  `nama_kelas` varchar(50) DEFAULT NULL,
  `kapasitas` int(11) DEFAULT NULL,
  `biaya_per_malam` int(11) DEFAULT NULL,
  PRIMARY KEY (`id_kelas`)
) ENGINE=InnoDB DEFAULT CHARSET=latin1 COLLATE=latin1_swedish_ci;
/*!40101 SET character_set_client = @saved_cs_client */;

--
-- Dumping data for table `kelas_kamar`
--

LOCK TABLES `kelas_kamar` WRITE;
/*!40000 ALTER TABLE `kelas_kamar` DISABLE KEYS */;
INSERT INTO `kelas_kamar` VALUES
(1,'VVIP',1,2250000),
(2,'VIP',1,1350000),
(3,'A',2,650000),
(4,'B',4,300000),
(5,'C',6,200000);
/*!40000 ALTER TABLE `kelas_kamar` ENABLE KEYS */;
UNLOCK TABLES;

--
-- Table structure for table `laboratorium`
--

DROP TABLE IF EXISTS `laboratorium`;
/*!40101 SET @saved_cs_client     = @@character_set_client */;
/*!40101 SET character_set_client = utf8 */;
CREATE TABLE `laboratorium` (
  `id_lab` int(11) NOT NULL,
  `nama_lab` varchar(50) DEFAULT NULL,
  `nama_kepala` varchar(50) DEFAULT NULL,
  PRIMARY KEY (`id_lab`)
) ENGINE=InnoDB DEFAULT CHARSET=latin1 COLLATE=latin1_swedish_ci;
/*!40101 SET character_set_client = @saved_cs_client */;

--
-- Dumping data for table `laboratorium`
--

LOCK TABLES `laboratorium` WRITE;
/*!40000 ALTER TABLE `laboratorium` DISABLE KEYS */;
INSERT INTO `laboratorium` VALUES
(1,'Bacteriology','Elizabet Hammarberg'),
(2,'Virology','Inglebert Heino'),
(3,'Mycology','Andrea Hirsthouse'),
(4,'Histopathology','Alejoa Tweedlie'),
(5,'Immunology','Oby Chattell'),
(6,'Cytology','Sydel Dils'),
(7,'Parasitology','Ara Liddon'),
(8,'Biochemical Analysis','Jess Dominguez'),
(9,'Haematology','Benoit Gait'),
(10,'Hormonal Analysis','Ana Dobbinson');
/*!40000 ALTER TABLE `laboratorium` ENABLE KEYS */;
UNLOCK TABLES;

--
-- Table structure for table `pasien`
--

DROP TABLE IF EXISTS `pasien`;
/*!40101 SET @saved_cs_client     = @@character_set_client */;
/*!40101 SET character_set_client = utf8 */;
CREATE TABLE `pasien` (
  `id_pasien` int(11) NOT NULL,
  `nama_depan` varchar(50) DEFAULT NULL,
  `nama_belakang` varchar(50) DEFAULT NULL,
  `tanggal_lahir` date DEFAULT NULL,
  `jenis_kelamin` varchar(50) DEFAULT NULL,
  `jalan` varchar(50) DEFAULT NULL,
  `desa_kelurahan` varchar(50) DEFAULT NULL,
  `kecamatan` varchar(50) DEFAULT NULL,
  `kabupaten_kota` varchar(50) DEFAULT NULL,
  `provinsi` varchar(50) DEFAULT NULL,
  `no_telepon` int(11) DEFAULT NULL,
  `email` varchar(50) DEFAULT NULL,
  `nama_kontak_darurat` varchar(50) DEFAULT NULL,
  `nomor_kontak_darurat` int(11) DEFAULT NULL,
  PRIMARY KEY (`id_pasien`)
) ENGINE=InnoDB DEFAULT CHARSET=utf8mb4 COLLATE=utf8mb4_unicode_ci;
/*!40101 SET character_set_client = @saved_cs_client */;

--
-- Dumping data for table `pasien`
--

LOCK TABLES `pasien` WRITE;
/*!40000 ALTER TABLE `pasien` DISABLE KEYS */;
INSERT INTO `pasien` VALUES
(1,'Tianna','Sawayn','1995-09-09','wanita','Ahmad Yani','Cigadung','Cibiru','Phuket','Jawa Barat',81683514,'darron.wolf@example.com','Eusebio Ziemann',81679735),
(2,'Willa','Baumbach','2013-01-27','pria','Gajah Mada','Dunguscariang','Cicendo','Lampung','Kalimantan Timur',81093035,'lgleichner@example.net','Laurianne Romaguera',81775692),
(3,'Darren','Stanton','2019-07-05','wanita','Gajah Mada','Campaka','Kiaracondong','Merauke','Papua Barat',81628002,'pkuphal@example.com','Arianna Lowe',81951368),
(4,'Delpha','Ziemann','2001-08-26','wanita','Gunungsari','Hegarmanah','Antapani','Jayapura','Kalimantan Timur',81550518,'arnulfo.jaskolski@example.org','Tara Nader',81915156),
(5,'Marge','Mitchell','1975-06-12','pria','Gunungsari','Cigadung','Buahbatu','Lampung','Papua Barat',81907651,'devante94@example.org','Alfreda McGlynn',81500322),
(6,'Vladimir','Kub','1970-08-17','pria','Gajah Mada','Hegarmanah','Cibiru','Ponorogo','Jawa Barat',81652132,'kyla86@example.org','Vivienne Bauch',81268190),
(7,'Jared','Russel','1994-04-13','wanita','Gajah Mada','Ledeng','Cicendo','Ponorogo','Oregon Selatan',81815249,'hills.brionna@example.com','Madaline Schiller',81970006),
(8,'Constance','Botsford','2012-02-02','pria','Ganesha','Hegarmanah','Cicendo','Merauke','Oregon Selatan',81775763,'ymante@example.org','Domenico Balistreri DVM',81963478),
(9,'Lisette','Klocko','2021-01-15','pria','Ahmad Yani','Ciumbuleuit','Kiaracondong','Merauke','Oregon Selatan',81175277,'pschumm@example.com','Brenda Collins',81783823),
(10,'Meagan','Ritchie','1975-05-05','pria','Gunungsari','Cigadung','Kiaracondong','Jakarta','Papua Barat',81765669,'libby.reichel@example.org','Orlando Pfannerstill',81235299),
(11,'Herbert','Langworth','2008-08-28','wanita',' I Gusti Ngurah Rai','Hegarmanah','Kiaracondong','Jayapura','DKI Jakarta',81827440,'dillan72@example.com','Prof. Juanita Reichel',81345416),
(12,'Clarabelle','Bosco','1996-04-28','wanita',' I Gusti Ngurah Rai','Dunguscariang','Cicendo','Bandung','Oregon Selatan',81598274,'ryan51@example.com','Dr. Blanca Borer V',81547987),
(13,'Dax','Abbott','2020-10-06','wanita','Gunungsari','Ledeng','Cibeunying Kaler','Jayapura','DKI Jakarta',81453540,'kschamberger@example.com','Prof. Michelle Witting',81359952),
(14,'Quentin','Cruickshank','2010-12-07','wanita',' I Gusti Ngurah Rai','Ledeng','Buahbatu','Surabaya','DKI Jakarta',81542952,'mariah.zieme@example.com','Eloise Connelly',81642397),
(15,'Vidal','Willms','2021-06-19','pria','Gajah Mada','Hegarmanah','Cibeunying Kaler','Ponorogo','Sumatra Barat',81704117,'walter.magali@example.com','Marie Hilll I',81422745),
(16,'Raheem','Connelly','1982-03-14','pria','Ganesha','Ciumbuleuit','Kiaracondong','Bali','DKI Jakarta',81387709,'wgutmann@example.net','Hilton Yost III',81425300),
(17,'Hardy','Thiel','1984-01-08','pria',' I Gusti Ngurah Rai','Cigadung','Kiaracondong','Yogyakarta','Jawa Barat',81353164,'cheaney@example.org','Prof. Rey Stroman',81788265),
(18,'Abigale','Carter','1994-10-11','pria','Otto Iskandardinata ','Dunguscariang','Antapani','Phuket','Jawa Tengah',81635630,'alf15@example.org','Juliet Abshire',81335816),
(19,'Kay','Durgan','1984-04-10','pria','Otto Iskandardinata ','Dunguscariang','Cibeunying Kaler','Jayapura','Jawa Barat',81150034,'russell94@example.org','Kathryne Kulas I',81852807),
(20,'Elise','Koch','1978-09-28','pria','Bung Tomo','Hegarmanah','Antapani','Jakarta','Jawa Barat',81199283,'bethany.farrell@example.org','Maverick Heathcote IV',81634259),
(21,'Hollie','Stracke','1988-07-31','pria','Ahmad Yani','Ciroyom','Antapani','Yogyakarta','Oregon Selatan',81263729,'cwilkinson@example.com','Edna Kertzmann',81767946),
(22,'Candace','Kuvalis','2008-12-19','pria','Gajah Mada','Hegarmanah','Cibiru','Jayapura','Kalimantan Timur',81542001,'beryl.heller@example.org','Loyal Rau',81313486),
(23,'Dakota','Toy','1976-05-20','wanita','Otto Iskandardinata ','Ledeng','Cibeunying Kaler','New York','Jawa Barat',81454091,'spinka.mitchel@example.org','Treva Wehner',81765076),
(24,'Savion','Conroy','1975-12-04','pria','Gunungsari','Ciroyom','Cibiru','Lampung','Jawa Barat',81068258,'lindgren.cory@example.com','Miss Arvilla Thiel',81978240),
(25,'Thaddeus','Connelly','2009-08-29','wanita','Ganesha','Ciroyom','Cicendo','Lampung','DKI Jakarta',81982590,'fhyatt@example.com','Danial Hoppe PhD',81996615),
(26,'Cecilia','Ullrich','1979-08-24','wanita','Gunungsari','Dunguscariang','Cicendo','Bandung','Jawa Tengah',81449884,'brionna76@example.net','Prof. Desmond Monahan',81818611),
(27,'Abdullah','Emard','2012-09-15','wanita','Bung Tomo','Cigadung','Buahbatu','Surabaya','Oregon Selatan',81823743,'mborer@example.com','Velda Pagac II',81113683),
(28,'Marta','Hackett','1970-10-25','pria',' I Gusti Ngurah Rai','Dunguscariang','Kiaracondong','Jakarta','DKI Jakarta',81401419,'okuneva.rhiannon@example.org','Kathryne McLaughlin',81725895),
(29,'Xander','Howe','1989-12-16','pria',' I Gusti Ngurah Rai','Ciumbuleuit','Kiaracondong','Bandung','Papua Barat',81687370,'elton.schumm@example.com','Marcella Hills',81460841),
(30,'Cory','Murazik','1996-11-08','pria','Ganesha','Ciroyom','Cicendo','Lampung','Jawa Barat',81327953,'marvin92@example.org','Mr. Axel Bayer I',81671167),
(31,'Furman','Schroeder','2008-10-01','pria','Bung Tomo','Ciroyom','Kiaracondong','Ponorogo','Jawa Barat',81315160,'michale.strosin@example.org','Kasey Ryan',81359523),
(32,'Trever','Ferry','2006-04-03','wanita','Ahmad Yani','Ciumbuleuit','Kiaracondong','New York','DKI Jakarta',81998887,'jerde.rosamond@example.net','Pete Gerhold I',81261075),
(33,'Nelson','Hilpert','2018-01-07','pria',' I Gusti Ngurah Rai','Campaka','Cicendo','New York','DKI Jakarta',81756201,'kkoelpin@example.org','Ian Gibson',81506140),
(34,'Sarina','Toy','2012-06-23','pria','Bung Tomo','Hegarmanah','Cibeunying Kaler','Phuket','Papua Barat',81574277,'laurianne15@example.net','Willie Breitenberg',81410847),
(35,'Colby','Torphy','1993-04-22','pria','Ahmad Yani','Cigadung','Cicendo','Jakarta','DKI Jakarta',81512941,'fprohaska@example.org','Weston Adams',81356139),
(36,'Adam','Cruickshank','2013-01-12','wanita','Otto Iskandardinata ','Campaka','Cicendo','Jayapura','Jawa Tengah',81460408,'maritza.johnson@example.com','Ms. Reanna Lemke I',81219059),
(37,'Jazmyn','Yost','1997-10-11','pria','Bung Tomo','Dunguscariang','Cicendo','Jayapura','Oregon Selatan',81499707,'reichel.diana@example.net','Daphney West',81948587),
(38,'Lysanne','Stark','2015-03-24','pria','Gajah Mada','Hegarmanah','Buahbatu','Yogyakarta','DKI Jakarta',81212366,'theresa.ledner@example.com','Buster Corwin',81468316),
(39,'Shanelle','Beatty','2014-03-10','wanita','Gajah Mada','Ciroyom','Kiaracondong','Ponorogo','Oregon Selatan',81596077,'towne.emerald@example.com','Willow Lindgren IV',81882751),
(40,'Darian','Anderson','2003-12-31','wanita','Otto Iskandardinata ','Dunguscariang','Kiaracondong','Bandung','DKI Jakarta',81864799,'filomena.ferry@example.net','Leslie Windler',81275081),
(41,'Abdullah','Dooley','2021-12-23','wanita','Ahmad Yani','Ciroyom','Cibeunying Kaler','Merauke','Jawa Tengah',81206780,'vance71@example.net','Elinore Stracke',81538353),
(42,'Chasity','Bergstrom','1982-11-07','wanita','Gunungsari','Cigadung','Kiaracondong','Surabaya','Papua Barat',81402465,'lilian67@example.net','Sandrine Orn',81234090),
(43,'Jeramie','Casper','1995-08-16','wanita','Gajah Mada','Dunguscariang','Antapani','Merauke','DKI Jakarta',81971309,'kaia.aufderhar@example.com','Luna Skiles II',81880306),
(44,'Josue','Luettgen','2014-03-08','wanita','Ahmad Yani','Dunguscariang','Kiaracondong','Phuket','DKI Jakarta',81082228,'glenda83@example.org','Mrs. Gudrun Jaskolski V',81960785),
(45,'Marjorie','Schamberger','2001-09-23','pria',' I Gusti Ngurah Rai','Campaka','Antapani','Ponorogo','DKI Jakarta',81668488,'toney.west@example.com','Enid Funk',81244967),
(46,'Zelda','Fisher','1986-02-05','wanita','Bung Tomo','Campaka','Cicendo','New York','Papua Barat',81819268,'jerde.mabelle@example.com','Mrs. Aurelie Emard I',81043392),
(47,'Clair','Roob','2003-01-04','wanita','Bung Tomo','Campaka','Cibeunying Kaler','Jakarta','Sumatra Barat',81853462,'nikolas59@example.net','Prof. Cheyanne Kutch DDS',81350271),
(48,'Vladimir','Mayer','1987-03-22','wanita','Gunungsari','Dunguscariang','Antapani','Phuket','Jawa Tengah',81001066,'carlos77@example.net','Marlin Borer',81024368),
(49,'Maxwell','Hauck','1993-05-20','wanita',' I Gusti Ngurah Rai','Campaka','Cibiru','Jayapura','Oregon Selatan',81550962,'rogahn.johnson@example.com','Monserrat Haag',81808145),
(50,'Alisa','Ebert','1983-04-27','wanita',' I Gusti Ngurah Rai','Dunguscariang','Antapani','Lampung','Sumatra Barat',81582539,'zkshlerin@example.com','Wiley Wolf',81937978),
(51,'Clair','Spencer','2005-08-15','pria','Ganesha','Campaka','Cibiru','New York','Kalimantan Timur',81202533,'jamil22@example.com','Filomena Crona',81800776),
(52,'Tyson','Marks','1976-12-28','pria','Gunungsari','Campaka','Cibiru','Bandung','Sumatra Barat',81441415,'qwhite@example.org','Kelli Legros',81839917),
(53,'Kailyn','Greenfelder','1996-05-18','pria','Ganesha','Ciumbuleuit','Cicendo','Lampung','Sumatra Barat',81535718,'kelvin.block@example.com','Lexie Fadel',81958844),
(54,'Kiana','Torp','1973-04-22','pria',' I Gusti Ngurah Rai','Hegarmanah','Cibeunying Kaler','Lampung','Jawa Barat',81479464,'dhudson@example.com','Korbin Krajcik',81545058),
(55,'Wilburn','Roob','2011-10-22','wanita','Gajah Mada','Cigadung','Cibeunying Kaler','Lampung','Papua Barat',81232398,'hschultz@example.org','Monroe Wolf',81882941),
(56,'Lafayette','Wiza','2016-02-02','pria','Ahmad Yani','Ciroyom','Buahbatu','Surabaya','DKI Jakarta',81081306,'hickle.alberto@example.net','Prof. Martine Balistreri',81150391),
(57,'Leonardo','Farrell','1984-07-26','wanita','Ahmad Yani','Ciroyom','Antapani','New York','Oregon Selatan',81735038,'kaci.wunsch@example.org','Ernie Williamson',81454561),
(58,'Derrick','Wyman','2015-06-17','wanita',' I Gusti Ngurah Rai','Ciroyom','Kiaracondong','New York','Jawa Tengah',81283035,'savanah93@example.net','Hobart Pollich DDS',81315708),
(59,'Erick','Adams','2017-07-10','wanita','Ahmad Yani','Campaka','Antapani','Lampung','DKI Jakarta',81815967,'hazle.walter@example.org','Dedric Mitchell',81274267),
(60,'Carolyn','Schuppe','2021-11-06','wanita','Gajah Mada','Cigadung','Kiaracondong','Lampung','Sumatra Barat',81347651,'pattie.lehner@example.org','Mrs. Rebecca Mraz',81663556),
(61,'Viva','Beatty','1974-07-23','wanita','Bung Tomo','Ledeng','Cibiru','Merauke','Papua Barat',81316607,'brekke.liliane@example.net','Hardy Stanton',81429459),
(62,'April','Brekke','2001-10-13','pria','Ahmad Yani','Cigadung','Buahbatu','Jayapura','Jawa Barat',81767570,'dahlia.west@example.org','Alessia Nicolas',81105790),
(63,'Elna','Bogan','1998-09-25','pria',' I Gusti Ngurah Rai','Dunguscariang','Cicendo','Ponorogo','Papua Barat',81535131,'martin.bruen@example.com','Jake Feeney V',81308328),
(64,'Aniya','Tromp','2022-04-09','wanita','Ahmad Yani','Ciroyom','Kiaracondong','Bali','Jawa Tengah',81828487,'jeff11@example.com','Ms. Rhea Haag',81492157),
(65,'Cheyenne','Hagenes','1991-07-15','pria','Ganesha','Ciroyom','Buahbatu','New York','DKI Jakarta',81680399,'sporer.tommie@example.net','Alejandrin Weber',81277187),
(66,'Roy','Price','2015-05-08','pria','Ahmad Yani','Ciumbuleuit','Cibiru','Yogyakarta','Jawa Tengah',81255292,'lavern.rolfson@example.net','Kurt Kozey',81587995),
(67,'Eleanora','Murazik','1986-10-20','wanita','Bung Tomo','Ciroyom','Antapani','Surabaya','DKI Jakarta',81830730,'hlangworth@example.net','Wilma Gerlach MD',81146758),
(68,'Arturo','Trantow','1990-04-29','wanita','Ganesha','Ledeng','Buahbatu','Jakarta','Oregon Selatan',81579393,'marlee44@example.com','Dr. Buford Keeling',81988111),
(69,'Malinda','Cole','1995-12-20','wanita','Gunungsari','Cigadung','Antapani','Bali','Papua Barat',81708094,'amiya28@example.com','Ian Oberbrunner V',81925480),
(70,'Dwight','Langosh','2001-12-24','wanita','Gunungsari','Ledeng','Antapani','Jayapura','DKI Jakarta',81693290,'orlando.emmerich@example.com','Ms. Pinkie Bartell IV',81951517),
(71,'Raymond','Lang','1998-02-05','pria','Otto Iskandardinata ','Hegarmanah','Cicendo','Merauke','Papua Barat',81144660,'richard.kautzer@example.org','Dr. Olaf McKenzie',81249671),
(72,'Joannie','Hettinger','2014-03-07','wanita','Ganesha','Dunguscariang','Kiaracondong','Jakarta','DKI Jakarta',81009476,'lockman.anderson@example.com','Allene Considine',81667990),
(73,'Alana','Nikolaus','2005-04-02','pria','Gunungsari','Ciumbuleuit','Kiaracondong','Surabaya','DKI Jakarta',81009422,'norwood26@example.net','Barbara Runolfsson',81941831),
(74,'Kaela','Jerde','2012-03-11','wanita','Gunungsari','Campaka','Cibiru','Ponorogo','DKI Jakarta',81362093,'purdy.verona@example.net','Mattie Hoeger',81393443),
(75,'Judah','Wunsch','1971-04-14','wanita',' I Gusti Ngurah Rai','Hegarmanah','Antapani','Lampung','Jawa Tengah',81362831,'zackary70@example.org','Yvette Kovacek',81824993),
(76,'Marilie','Bartoletti','1996-03-11','pria',' I Gusti Ngurah Rai','Cigadung','Cibeunying Kaler','Jakarta','Oregon Selatan',81529542,'brown.nina@example.net','Prof. Devonte Hegmann',81591682),
(77,'Augustine','Konopelski','2008-06-03','wanita',' I Gusti Ngurah Rai','Ciumbuleuit','Antapani','Bali','Kalimantan Timur',81297620,'judy71@example.org','Xavier Bernhard',81874266),
(78,'Gregoria','Raynor','1985-01-13','wanita',' I Gusti Ngurah Rai','Hegarmanah','Cicendo','Yogyakarta','DKI Jakarta',81812667,'dejon00@example.org','Phoebe Conn',81485568),
(79,'Nadia','Durgan','2019-04-23','wanita','Otto Iskandardinata ','Campaka','Cicendo','Ponorogo','Papua Barat',81430149,'anna29@example.net','Miss Lottie Parisian IV',81554673),
(80,'Annamae','McDermott','2005-12-07','wanita',' I Gusti Ngurah Rai','Ciroyom','Cibiru','Merauke','Papua Barat',81971808,'robb18@example.com','Carmela Lind',81259547),
(81,'Sadie','Roberts','2019-12-19','pria','Bung Tomo','Ledeng','Cicendo','Bandung','DKI Jakarta',81377474,'toni.skiles@example.net','Clair Hegmann',81334588),
(82,'Declan','Farrell','1996-04-07','wanita','Gunungsari','Campaka','Cibeunying Kaler','Jayapura','Jawa Barat',81811307,'vosinski@example.net','Garett Becker',81891363),
(83,'Yasmine','Crooks','1981-10-14','wanita','Gunungsari','Hegarmanah','Antapani','Bandung','Oregon Selatan',81038287,'kaleigh.brown@example.com','Jakayla Schroeder',81203755),
(84,'Zackary','Gislason','1973-03-21','wanita','Ganesha','Cigadung','Cibeunying Kaler','Bali','Sumatra Barat',81836354,'cmoore@example.net','Dr. Donato Rath',81335948),
(85,'Alfreda','Prohaska','1983-08-05','pria',' I Gusti Ngurah Rai','Ciroyom','Kiaracondong','Yogyakarta','Jawa Tengah',81604506,'levi.dicki@example.com','Prof. Esteban Boehm',81528158),
(86,'Reese','Hoeger','1981-12-08','wanita','Gunungsari','Cigadung','Cibiru','Lampung','Sumatra Barat',81394035,'ylang@example.com','Earline Conn',81819715),
(87,'Dayana','Zemlak','1988-06-17','wanita','Gunungsari','Dunguscariang','Antapani','Lampung','DKI Jakarta',81902258,'gislason.keon@example.net','Alysha Will',81390450),
(88,'Devante','Abernathy','1993-06-18','wanita','Bung Tomo','Cigadung','Antapani','Surabaya','Kalimantan Timur',81364675,'jonas74@example.com','Dolly Nitzsche',81597503),
(89,'Gideon','Zboncak','1997-08-01','wanita','Gunungsari','Ciroyom','Cibiru','New York','Jawa Barat',81498140,'syble54@example.net','Maxime Gleichner',81010521),
(90,'Olaf','Thompson','2022-07-01','wanita','Bung Tomo','Hegarmanah','Cibeunying Kaler','Lampung','Sumatra Barat',81792078,'brennon.strosin@example.com','Mr. Durward Wolff V',81991641),
(91,'Guy','Bednar','1995-02-24','wanita','Bung Tomo','Dunguscariang','Cibiru','Bali','Kalimantan Timur',81003680,'jkling@example.net','Maurine Franecki',81557783),
(92,'Aracely','Dibbert','1983-03-13','wanita','Ahmad Yani','Cigadung','Kiaracondong','Yogyakarta','Oregon Selatan',81592084,'hank46@example.com','Kenya Kemmer',81259295),
(93,'Candace','Yundt','1997-05-31','pria',' I Gusti Ngurah Rai','Campaka','Antapani','Phuket','Kalimantan Timur',81360654,'reinhold57@example.net','Keeley Murphy',81942426),
(94,'Jackie','Goyette','1985-04-13','pria','Gunungsari','Ciroyom','Cibiru','New York','Kalimantan Timur',81043922,'mgreenholt@example.net','Delbert Robel',81070122),
(95,'Madelyn','VonRueden','1997-06-21','pria',' I Gusti Ngurah Rai','Campaka','Cibiru','Phuket','Jawa Tengah',81320610,'price.marietta@example.net','Tate Lang',81330240),
(96,'Jefferey','Bednar','2012-07-24','wanita','Ahmad Yani','Hegarmanah','Kiaracondong','Phuket','Papua Barat',81472418,'brook76@example.net','Larry Mueller',81379286),
(97,'Gage','Kutch','2004-05-08','wanita','Otto Iskandardinata ','Ciumbuleuit','Cibiru','Ponorogo','Sumatra Barat',81653879,'mbode@example.com','Layne Satterfield',81882350),
(98,'Cornelius','Bayer','2003-07-11','pria','Otto Iskandardinata ','Ciroyom','Cicendo','Bali','Papua Barat',81306240,'dejon.barton@example.org','Mrs. Ciara Cruickshank MD',81025272),
(99,'Selmer','Greenfelder','1998-08-20','pria','Ahmad Yani','Campaka','Kiaracondong','Yogyakarta','Kalimantan Timur',81960199,'steuber.emmanuelle@example.com','Mrs. Amaya Dooley',81521576),
(100,'Lillie','Grady','1996-08-19','pria','Otto Iskandardinata ','Hegarmanah','Kiaracondong','Jayapura','Papua Barat',81424272,'lilly.fritsch@example.org','Luigi Kohler',81407136),
(101,'Mellie','Terry','2006-06-26','wanita','Gajah Mada','Dunguscariang','Cicendo','Merauke','Jawa Tengah',81614861,'xparisian@example.org','Mr. Deion Littel',81815682),
(102,'Jarred','Olson','2012-04-24','wanita','Bung Tomo','Cigadung','Kiaracondong','Surabaya','Kalimantan Timur',81554192,'kuhic.brittany@example.net','Prof. Anissa Turcotte IV',81924388),
(103,'Marty','O\'Conner','1994-02-10','wanita',' I Gusti Ngurah Rai','Dunguscariang','Cibeunying Kaler','Bandung','Jawa Tengah',81411181,'leannon.alessandra@example.org','Kendall Muller',81742924),
(104,'Tod','Graham','1995-08-10','wanita','Ahmad Yani','Dunguscariang','Buahbatu','Ponorogo','Jawa Barat',81610430,'kobe73@example.org','Maximillia Stanton I',81904943),
(105,'Pearline','Wiegand','1995-04-06','pria','Bung Tomo','Ciroyom','Cibiru','Phuket','DKI Jakarta',81453630,'daniela.weimann@example.com','Sven Wehner',81491024),
(106,'Janiya','Lowe','1986-07-18','pria','Gajah Mada','Ciroyom','Buahbatu','New York','Jawa Barat',81742569,'bernhard.armstrong@example.net','Dedric Rath V',81094560),
(107,'Euna','Rau','2016-12-01','pria','Otto Iskandardinata ','Cigadung','Cibeunying Kaler','Surabaya','DKI Jakarta',81874166,'drempel@example.net','Ms. Lindsay Thiel V',81713084),
(108,'Helen','Prohaska','1994-10-13','pria','Gajah Mada','Dunguscariang','Cicendo','Lampung','Sumatra Barat',81083236,'howe.eva@example.org','Miss Dixie Kertzmann',81331940),
(109,'Erica','Beier','2021-02-13','pria',' I Gusti Ngurah Rai','Ciumbuleuit','Buahbatu','Jayapura','Papua Barat',81671827,'parker.ruben@example.com','Johnson Kemmer',81565774),
(110,'Ayla','Luettgen','1986-09-03','pria','Gunungsari','Dunguscariang','Cibiru','Bandung','Kalimantan Timur',81548004,'hyatt.hans@example.org','Tanya Dooley DVM',81815498),
(111,'Valentin','Eichmann','2004-04-10','wanita','Otto Iskandardinata ','Dunguscariang','Cicendo','Yogyakarta','Papua Barat',81639720,'karelle85@example.org','Prof. Emile Bauch',81266017),
(112,'Rosalind','Corkery','2005-10-28','wanita','Ganesha','Ledeng','Buahbatu','Lampung','Sumatra Barat',81159500,'khodkiewicz@example.org','Irma Ritchie Sr.',81341682),
(113,'Wilton','Dicki','1998-02-03','pria','Otto Iskandardinata ','Dunguscariang','Cibiru','Ponorogo','Jawa Tengah',81397313,'rosina72@example.com','Dr. Toy Hayes',81573199),
(114,'Jay','Kohler','2016-05-21','wanita',' I Gusti Ngurah Rai','Ledeng','Cicendo','Surabaya','Papua Barat',81752081,'iliana29@example.org','Adrian Waters',81431132),
(115,'Electa','Swift','2002-09-15','wanita','Gajah Mada','Ciumbuleuit','Kiaracondong','Phuket','Papua Barat',81389081,'jailyn.schmidt@example.org','Mr. Sherwood Schuppe',81266160),
(116,'Everett','Rolfson','2008-01-31','wanita','Gajah Mada','Ciroyom','Cicendo','Merauke','Papua Barat',81857356,'jconnelly@example.com','Casper Douglas',81425124),
(117,'Raleigh','Cummerata','1995-01-29','pria','Gunungsari','Hegarmanah','Cibiru','Ponorogo','Jawa Tengah',81968532,'julia19@example.com','Gia Treutel',81211369),
(118,'Demarco','Metz','1978-08-04','wanita','Gunungsari','Ciroyom','Buahbatu','Jayapura','Kalimantan Timur',81312530,'sandrine78@example.net','Helen O\'Conner Jr.',81038775),
(119,'Christian','Hamill','2002-08-24','wanita','Gunungsari','Ciroyom','Kiaracondong','Jayapura','DKI Jakarta',81547479,'cielo87@example.net','Ottilie Volkman',81013554),
(120,'Mekhi','Mills','2000-07-29','wanita','Otto Iskandardinata ','Ledeng','Cibiru','Yogyakarta','Kalimantan Timur',81123387,'kiana.schmitt@example.com','Eddie Friesen IV',81599388),
(121,'Ebony','Parisian','2001-02-20','pria','Ahmad Yani','Ledeng','Cicendo','Phuket','Jawa Barat',81332942,'russel.henderson@example.net','Luigi Koch',81569498),
(122,'Samara','Kilback','1983-07-24','wanita','Ganesha','Dunguscariang','Buahbatu','Jakarta','DKI Jakarta',81828147,'adaline82@example.net','Sterling Von',81666233),
(123,'Trever','Franecki','1980-09-04','pria','Ganesha','Hegarmanah','Kiaracondong','Yogyakarta','Sumatra Barat',81577169,'jheller@example.com','Estefania Rath',81333380),
(124,'Maida','Pacocha','1980-07-28','wanita',' I Gusti Ngurah Rai','Dunguscariang','Kiaracondong','Jayapura','Kalimantan Timur',81517218,'ntoy@example.org','Tristin Labadie',81656317),
(125,'Maiya','King','1990-12-14','wanita','Gunungsari','Ledeng','Buahbatu','Jakarta','Sumatra Barat',81668966,'nia08@example.com','Prof. Lura Paucek',81412802),
(126,'Alessandro','Corkery','2004-12-03','wanita','Ganesha','Hegarmanah','Buahbatu','Yogyakarta','Papua Barat',81396732,'istehr@example.com','Iva Mills',81666724),
(127,'Eino','Zboncak','1971-04-09','wanita','Otto Iskandardinata ','Dunguscariang','Cibiru','New York','Oregon Selatan',81553508,'orpha11@example.org','Alvera Hackett',81697930),
(128,'Golden','Hudson','2004-06-10','wanita','Ganesha','Campaka','Cibiru','Merauke','DKI Jakarta',81989008,'kbeahan@example.com','Lula Weissnat',81241013),
(129,'Victoria','Champlin','1998-07-23','wanita','Bung Tomo','Hegarmanah','Cibiru','Lampung','DKI Jakarta',81632200,'hester.schoen@example.org','Prof. Gregory Olson',81506657),
(130,'Lucile','Kuhic','1987-06-20','pria','Gajah Mada','Campaka','Cibiru','Merauke','Jawa Tengah',81151169,'maye.bernhard@example.org','Miss Maddison Satterfield',81962667),
(131,'Bart','Hansen','2008-07-27','wanita','Ganesha','Hegarmanah','Cibiru','Ponorogo','DKI Jakarta',81179865,'albert38@example.net','Felicity Schmeler',81578549),
(132,'Adalberto','Cassin','1983-01-30','pria','Gajah Mada','Campaka','Buahbatu','Bali','Oregon Selatan',81378521,'wfranecki@example.net','Fabian Koelpin Sr.',81610328),
(133,'Lydia','Cruickshank','2010-11-01','pria','Bung Tomo','Dunguscariang','Cicendo','Lampung','DKI Jakarta',81949435,'cara.rolfson@example.com','Ruthie Fritsch',81534496),
(134,'Vernon','Considine','1990-08-14','pria','Ganesha','Cigadung','Kiaracondong','Lampung','Jawa Barat',81860304,'kris.carlos@example.com','Damon Moore',81721732),
(135,'Marco','Rogahn','1999-09-04','pria','Gajah Mada','Campaka','Cicendo','Bandung','Jawa Tengah',81588292,'thiel.nathan@example.net','Thora Kohler Jr.',81022745),
(136,'Alejandra','Ondricka','2009-03-05','pria','Otto Iskandardinata ','Campaka','Antapani','Ponorogo','Sumatra Barat',81147353,'tgislason@example.com','Prof. Carolyn Stiedemann II',81548063),
(137,'Manuela','Schaden','2017-10-19','pria','Ahmad Yani','Hegarmanah','Antapani','Jakarta','Jawa Barat',81040093,'tara.terry@example.net','Alvis Metz',81636097),
(138,'Crystal','Cummerata','1970-12-29','wanita','Otto Iskandardinata ','Ciroyom','Cicendo','Merauke','Papua Barat',81830020,'constance.douglas@example.net','Mr. Blair Schuster',81976212),
(139,'Ashtyn','Mitchell','1974-09-01','pria','Gunungsari','Cigadung','Cibeunying Kaler','Surabaya','Jawa Tengah',81908908,'schaefer.carmela@example.org','Gavin Gaylord',81197139),
(140,'Norberto','Nolan','1976-09-26','wanita','Gajah Mada','Cigadung','Cicendo','Merauke','Oregon Selatan',81805904,'marlon.kessler@example.net','Lysanne Aufderhar',81260926),
(141,'Maria','Anderson','1992-07-15','wanita','Bung Tomo','Ciumbuleuit','Buahbatu','Merauke','Kalimantan Timur',81707464,'mertz.burnice@example.org','Darrin Corkery',81090055),
(142,'Kolby','Bins','2011-10-17','wanita','Gunungsari','Campaka','Cibeunying Kaler','Yogyakarta','Kalimantan Timur',81368036,'sasha.denesik@example.com','Cathy Kuhlman',81221311),
(143,'Aron','Hickle','1999-09-10','wanita',' I Gusti Ngurah Rai','Ledeng','Antapani','Jakarta','DKI Jakarta',81801423,'glenda84@example.com','Dr. Haylee Towne',81820074),
(144,'Lottie','Wintheiser','2010-07-13','pria','Otto Iskandardinata ','Campaka','Antapani','Phuket','Oregon Selatan',81317198,'vhills@example.org','Jade Blick',81334965),
(145,'Oleta','Bins','1973-09-18','wanita',' I Gusti Ngurah Rai','Ledeng','Buahbatu','Bandung','Jawa Barat',81277556,'larissa.hegmann@example.com','Isaiah Runolfsson',81820592),
(146,'Mara','Lehner','1990-02-27','wanita','Ahmad Yani','Campaka','Cibiru','Ponorogo','Jawa Tengah',81397590,'broderick.rohan@example.net','Claude Herman',81435424),
(147,'Jerry','Ledner','1976-02-14','pria','Bung Tomo','Hegarmanah','Kiaracondong','Surabaya','Jawa Barat',81286418,'jerome44@example.net','Lance Medhurst',81672053),
(148,'Davion','Russel','1999-05-18','wanita','Gajah Mada','Ledeng','Buahbatu','Ponorogo','Kalimantan Timur',81219890,'darrell.corkery@example.org','Casimer Jacobson III',81149357),
(149,'Cathrine','Kris','2014-04-23','pria','Ganesha','Campaka','Cibeunying Kaler','Ponorogo','Sumatra Barat',81556161,'merle51@example.com','Muriel Daugherty',81517238),
(150,'Graham','Bosco','1988-09-22','pria',' I Gusti Ngurah Rai','Dunguscariang','Cibeunying Kaler','Ponorogo','Jawa Tengah',81585850,'llehner@example.net','Mrs. Leonora Haley PhD',81045960);
/*!40000 ALTER TABLE `pasien` ENABLE KEYS */;
UNLOCK TABLES;

--
-- Table structure for table `pengobatan`
--

DROP TABLE IF EXISTS `pengobatan`;
/*!40101 SET @saved_cs_client     = @@character_set_client */;
/*!40101 SET character_set_client = utf8 */;
CREATE TABLE `pengobatan` (
  `id_pasien` int(11) NOT NULL,
  `id_rekam_medis` int(11) NOT NULL,
  `id_aktivitas` int(11) NOT NULL,
  `jenis_pengobatan` varchar(50) DEFAULT NULL,
  `nama_obat` varchar(50) DEFAULT NULL,
  `dosis` varchar(100) DEFAULT NULL,
  `tanggal_mulai` date DEFAULT NULL,
  `jam_mulai` time DEFAULT NULL,
  `tanggal_selesai` date DEFAULT NULL,
  `jam_selesai` time DEFAULT NULL,
  PRIMARY KEY (`id_pasien`,`id_rekam_medis`,`id_aktivitas`),
  CONSTRAINT `pengobatan_ibfk_1` FOREIGN KEY (`id_pasien`, `id_rekam_medis`, `id_aktivitas`) REFERENCES `aktivitas_medis` (`id_pasien`, `id_rekam_medis`, `id_aktivitas`)
) ENGINE=InnoDB DEFAULT CHARSET=latin1 COLLATE=latin1_swedish_ci;
/*!40101 SET character_set_client = @saved_cs_client */;

--
-- Dumping data for table `pengobatan`
--

LOCK TABLES `pengobatan` WRITE;
/*!40000 ALTER TABLE `pengobatan` DISABLE KEYS */;
/*!40000 ALTER TABLE `pengobatan` ENABLE KEYS */;
UNLOCK TABLES;

--
-- Table structure for table `perawat`
--

DROP TABLE IF EXISTS `perawat`;
/*!40101 SET @saved_cs_client     = @@character_set_client */;
/*!40101 SET character_set_client = utf8 */;
CREATE TABLE `perawat` (
  `no_lisensi` char(26) NOT NULL,
  PRIMARY KEY (`no_lisensi`),
  CONSTRAINT `perawat_ibfk_1` FOREIGN KEY (`no_lisensi`) REFERENCES `tenaga_medis` (`no_lisensi`)
) ENGINE=InnoDB DEFAULT CHARSET=latin1 COLLATE=latin1_swedish_ci;
/*!40101 SET character_set_client = @saved_cs_client */;

--
-- Dumping data for table `perawat`
--

LOCK TABLES `perawat` WRITE;
/*!40000 ALTER TABLE `perawat` DISABLE KEYS */;
INSERT INTO `perawat` VALUES
('01GXAJYADQE30W54KAWY6TWVKQ'),
('01GXAJYADZS6ARS5RHA56AG59Z'),
('01GXAJYAE0TSFH9ZTACM7VQYWJ'),
('01GXAJYAE3T4D6AGP35FJPXWC0'),
('01GXAJYAE5119SW0VPD3GD17B9'),
('01GXAJYAE6FTD9FVTVA8CGAJ3J'),
('01GXAJYAE9M89GQPJPBTZ6DF6Y'),
('01GXAJYAEDVNW5NTY8PTQ9GXAN'),
('01GXAJYAEENCA4KZTG26MSS329'),
('01GXAJYAEGZ9XGWWY56H6HMWN1'),
('01GXAJYAENV60N7HM3WX5PSVKA'),
('01GXAJYAER7P7WYG700J07X862'),
('01GXAJYAESTH9KGNZ6PMAJC4QE'),
('01GXAJYAEVKG9R1ZH7JYNW3C14'),
('01GXAJYAEXGAZVFZ0A45C53HYH'),
('01GXAJYAEZQZ641Z7T1ZCKH4DW'),
('01GXAJYAF2X9PQAWX2RQZ0S7JA'),
('01GXAJYAF3VQV2Y2HSVA5QRQE5'),
('01GXAJYAF6A90T1Y2R5Y3NAMG7'),
('01GXAJYAF87GDT4ZK9B6F5RDJ3'),
('01GXAJYAFAW4V5V8FRTDXG5Z35'),
('01GXAJYAFBFJ5X0VWZ8FN9WTDQ'),
('01GXAJYAFENZVZYTR2Q0FS0JGV'),
('01GXAJYAFFFCS83RTQJPT8ABGY'),
('01GXAJYAFG8Q9XTQ0JXF8KF7NE'),
('01GXAJYAFJVF940X1EVBGH7SN3'),
('01GXAJYAFK0KFW2AH7WKKJCCRQ'),
('01GXAJYAFM3WSGN0RS69T9793W'),
('01GXAJYAFP2YZPG3PRRN9P93HJ'),
('01GXAJYAFSX77MABHFB7V7BS3Q'),
('01GXAJYAFV2C4MWAQWQTMT0RA3'),
('01GXAJYAFYAH7QSPADNP7Z6F1J'),
('01GXAJYAG0YHD9217E7ZQT8QQ4'),
('01GXAJYAG1QHJT4X2912K14W83'),
('01GXAJYAG2PNQ3M0HGDHMBC2PA'),
('01GXAJYAG4J6HXVNDDHTGQN9MV'),
('01GXAJYAG5GSK6NETCK1ZQNR3T'),
('01GXAJYAG6Z021NM3A3ZZ345PY'),
('01GXAJYAG8PSZT8HZ9A4SZ5TQT'),
('01GXAJYAGACC850M0EMJ7208YV'),
('01GXAJYAGCC4M2RSYXDTZ6Q0C9'),
('01GXAJYAGDEZRMDT9SVN6CT0BR'),
('01GXAJYAGGYTQ1AA196FKFDE8C'),
('01GXAJYAGMWD7PCEWG9D4V7DQP'),
('01GXAJYAGNDCQZ885A8YXNG7V6'),
('01GXAJYAGPKAN3TSGRNYJWEGG8'),
('01GXAJYAGTWRF4MPCHAFHSWB07'),
('01GXAJYAGVPX74YY6BMBKA4S85'),
('01GXAJYAGWV6BN26TRV916RR99'),
('01GXAJYAGXBBAEAZ3PVFK399NH'),
('01GXAJYAJ1T0ETYF8DDYFCPVM6'),
('01GXAJYAJ2APCWZCCSNA4XDRYK'),
('01GXAJYAJ4C9V3CQ4Y1TFMRJAH'),
('01GXAJYAJ71RRTFXM7WD1DWV9A'),
('01GXAJYAJ8A23HE21NVRXBNYXH');
/*!40000 ALTER TABLE `perawat` ENABLE KEYS */;
UNLOCK TABLES;

--
-- Table structure for table `perawatan`
--

DROP TABLE IF EXISTS `perawatan`;
/*!40101 SET @saved_cs_client     = @@character_set_client */;
/*!40101 SET character_set_client = utf8 */;
CREATE TABLE `perawatan` (
  `id_pasien` int(11) NOT NULL,
  `id_rekam_medis` int(11) NOT NULL,
  `lantai` int(11) NOT NULL,
  `no_kamar` int(11) NOT NULL,
  `tanggal_masuk` date NOT NULL,
  `tanggal_keluar` date NOT NULL,
  PRIMARY KEY (`id_pasien`,`id_rekam_medis`,`lantai`,`no_kamar`),
  KEY `lantai` (`lantai`,`no_kamar`),
  CONSTRAINT `perawatan_ibfk_1` FOREIGN KEY (`id_pasien`, `id_rekam_medis`) REFERENCES `rekam_medis` (`id_pasien`, `id_rekam_medis`),
  CONSTRAINT `perawatan_ibfk_2` FOREIGN KEY (`lantai`, `no_kamar`) REFERENCES `kamar` (`lantai`, `no_kamar`)
) ENGINE=InnoDB DEFAULT CHARSET=latin1 COLLATE=latin1_swedish_ci;
/*!40101 SET character_set_client = @saved_cs_client */;

--
-- Dumping data for table `perawatan`
--

LOCK TABLES `perawatan` WRITE;
/*!40000 ALTER TABLE `perawatan` DISABLE KEYS */;
INSERT INTO `perawatan` VALUES
(1,2,4,407,'2021-11-18','2021-11-23'),
(1,2,4,409,'2021-11-23','2021-11-28'),
(2,1,4,408,'2021-02-07','2021-02-12'),
(3,2,1,103,'2022-07-18','2022-07-23'),
(4,1,4,401,'2022-05-22','2022-05-29'),
(5,1,5,506,'2020-04-09','2020-04-14'),
(5,2,5,505,'2022-10-04','2022-10-09'),
(6,2,1,101,'2021-10-21','2021-10-28'),
(7,1,5,503,'2021-06-07','2021-06-12'),
(7,1,5,504,'2021-06-02','2021-06-07'),
(8,2,3,309,'2021-10-16','2021-10-21'),
(9,1,1,109,'2020-12-10','2020-12-17'),
(10,1,1,100,'2021-04-23','2021-04-30'),
(11,1,4,400,'2020-06-03','2020-06-10'),
(13,1,1,106,'2021-01-28','2021-02-04'),
(14,1,1,104,'2021-01-13','2021-01-18'),
(14,2,1,102,'2020-07-01','2020-07-06'),
(14,2,1,105,'2022-06-26','2022-07-01'),
(15,1,3,303,'2020-11-14','2020-11-21'),
(15,2,2,204,'2021-06-07','2021-06-12'),
(16,1,2,207,'2021-11-23','2021-11-28'),
(17,1,2,200,'2023-01-01','2023-01-06'),
(19,1,2,201,'2023-02-28','2023-03-04'),
(19,1,2,202,'2023-02-22','2023-02-28'),
(20,2,1,107,'2022-12-23','2022-12-30'),
(21,1,1,108,'2022-03-14','2022-03-19'),
(22,1,3,300,'2022-01-01','2022-01-06'),
(24,1,3,305,'2020-04-14','2020-04-19'),
(25,1,3,301,'2020-02-01','2020-02-08'),
(26,1,5,502,'2022-05-17','2022-05-22'),
(26,2,4,405,'2023-02-24','2023-02-27'),
(26,2,4,406,'2023-02-17','2023-02-24'),
(28,1,3,302,'2021-09-27','2021-10-02'),
(29,1,2,208,'2020-04-22','2020-04-27'),
(30,2,2,206,'2023-03-09','2023-03-16'),
(31,1,1,106,'2023-01-11','2023-01-14'),
(31,2,5,502,'2023-02-04','2023-02-07'),
(32,1,2,201,'2023-02-11','2023-02-15'),
(33,2,2,205,'2023-03-22','2023-04-01'),
(33,3,3,303,'2023-04-09','2023-04-17'),
(34,1,1,108,'2023-02-23','2023-02-24'),
(34,2,2,209,'2023-03-10','2023-03-11'),
(35,1,5,502,'2023-03-22','2023-03-22'),
(37,1,1,102,'2023-02-21','2023-03-03'),
(38,1,1,105,'2023-02-28','2023-03-07'),
(39,1,5,509,'2023-02-10','2023-02-19'),
(40,1,5,509,'2023-01-10','2023-01-18'),
(40,2,2,206,'2023-01-27','2023-01-28'),
(40,3,4,406,'2023-03-11','2023-03-17'),
(41,1,2,208,'2023-01-17','2023-01-24'),
(41,2,5,505,'2023-03-14','2023-03-23'),
(42,1,5,502,'2023-01-14','2023-01-15'),
(42,2,2,203,'2023-02-19','2023-02-19'),
(43,1,4,406,'2023-01-05','2023-01-12'),
(43,2,1,109,'2023-03-18','2023-03-23'),
(44,1,3,304,'2023-01-07','2023-01-10'),
(44,2,4,405,'2023-02-02','2023-02-05'),
(44,3,2,202,'2023-03-09','2023-03-12'),
(45,1,3,305,'2023-02-09','2023-02-14'),
(46,1,4,401,'2023-01-03','2023-01-12'),
(46,2,4,403,'2023-04-02','2023-04-02'),
(47,1,5,507,'2023-02-19','2023-02-22'),
(47,2,4,404,'2023-03-14','2023-03-20'),
(48,1,2,204,'2023-01-13','2023-01-21'),
(48,2,1,108,'2023-02-14','2023-02-17'),
(48,3,2,201,'2023-03-27','2023-04-02'),
(48,4,4,407,'2023-04-05','2023-04-14'),
(49,1,3,303,'2023-01-14','2023-01-19'),
(50,1,2,206,'2023-03-24','2023-03-25'),
(51,1,1,108,'2023-03-13','2023-03-20'),
(52,1,4,405,'2023-01-09','2023-01-12'),
(53,1,5,506,'2023-01-30','2023-02-05'),
(54,1,5,508,'2023-01-21','2023-01-29'),
(55,1,4,403,'2023-01-13','2023-01-18'),
(56,1,2,206,'2023-01-02','2023-01-03'),
(56,2,5,509,'2023-03-11','2023-03-11'),
(57,1,3,306,'2023-02-11','2023-02-19'),
(57,2,2,202,'2023-04-09','2023-04-18'),
(58,1,4,409,'2023-03-09','2023-03-12'),
(59,1,3,302,'2023-02-12','2023-02-19'),
(60,1,1,105,'2023-01-08','2023-01-11'),
(60,2,5,509,'2023-01-12','2023-01-21'),
(61,1,1,104,'2022-04-25','2022-04-27'),
(64,1,5,505,'2022-08-25','2022-08-28'),
(65,1,2,201,'2022-04-26','2022-04-27'),
(65,2,5,509,'2022-07-10','2022-07-11'),
(68,1,1,106,'2022-08-03','2022-08-08'),
(69,2,3,308,'2022-05-29','2022-05-30'),
(71,1,1,107,'2023-02-18','2023-02-19'),
(72,1,2,202,'2022-11-03','2022-11-05'),
(74,1,5,503,'2023-02-28','2023-03-01'),
(74,3,1,108,'2022-08-13','2022-08-17'),
(75,2,5,503,'2022-09-26','2022-09-27'),
(77,1,3,302,'2022-10-20','2022-10-24'),
(79,1,1,107,'2023-04-01','2023-04-07'),
(81,2,5,505,'2022-04-18','2022-04-20'),
(83,2,2,205,'2022-09-08','2022-09-11'),
(85,1,4,407,'2023-03-03','2023-03-06'),
(87,1,1,109,'2023-04-04','2023-04-18'),
(87,3,3,301,'2023-03-15','2023-03-20'),
(90,1,2,209,'2022-06-02','2022-06-10'),
(90,2,1,103,'2022-12-08','2022-12-16'),
(91,1,1,100,'2020-11-25','2020-12-05'),
(103,1,2,208,'2021-02-04','2021-02-15'),
(103,1,3,305,'2021-02-01','2021-02-04'),
(115,1,4,401,'2023-02-01','2023-02-04'),
(122,1,3,302,'2013-02-17','2013-02-20'),
(127,1,1,101,'2019-01-12','2019-01-17'),
(127,2,5,508,'2022-05-27','2022-05-30'),
(128,1,5,500,'2019-09-19','2019-09-24'),
(129,1,1,100,'2021-05-17','2021-05-25'),
(131,1,1,107,'2002-10-12','2002-10-14'),
(133,1,4,405,'2016-07-26','2016-07-30'),
(134,1,3,302,'2023-01-07','2023-01-12'),
(134,1,3,306,'2023-01-01','2023-01-07'),
(135,1,3,301,'2015-03-24','2015-03-28'),
(137,1,4,404,'2019-07-07','2019-07-10'),
(139,1,2,201,'2000-01-23','2000-01-26'),
(139,3,5,507,'2000-10-09','2000-10-15'),
(140,1,2,203,'2014-12-24','2014-12-29'),
(144,1,4,402,'2011-10-18','2011-10-25'),
(145,1,3,303,'2004-08-26','2004-08-29'),
(147,1,2,205,'2002-06-21','2002-06-23'),
(150,1,1,104,'2010-04-02','2010-04-05');
/*!40000 ALTER TABLE `perawatan` ENABLE KEYS */;
UNLOCK TABLES;

--
-- Table structure for table `permohonan`
--

DROP TABLE IF EXISTS `permohonan`;
/*!40101 SET @saved_cs_client     = @@character_set_client */;
/*!40101 SET character_set_client = utf8 */;
CREATE TABLE `permohonan` (
  `id_pasien` int(11) NOT NULL,
  `id_rekam_medis` int(11) NOT NULL,
  `id_permohonan` int(11) NOT NULL,
  `nominal` int(11) NOT NULL,
  `nama_asuransi` varchar(50) NOT NULL,
  `status` varchar(10) NOT NULL,
  PRIMARY KEY (`id_pasien`,`id_rekam_medis`,`id_permohonan`),
  KEY `id_rekam_medis` (`id_rekam_medis`),
  KEY `nama_asuransi` (`nama_asuransi`),
  CONSTRAINT `permohonan_ibfk_1` FOREIGN KEY (`id_pasien`) REFERENCES `rekam_medis` (`id_pasien`),
  CONSTRAINT `permohonan_ibfk_2` FOREIGN KEY (`id_rekam_medis`) REFERENCES `rekam_medis` (`id_pasien`),
  CONSTRAINT `permohonan_ibfk_3` FOREIGN KEY (`nama_asuransi`) REFERENCES `asuransi` (`nama_asuransi`)
) ENGINE=InnoDB DEFAULT CHARSET=latin1 COLLATE=latin1_swedish_ci;
/*!40101 SET character_set_client = @saved_cs_client */;

--
-- Dumping data for table `permohonan`
--

LOCK TABLES `permohonan` WRITE;
/*!40000 ALTER TABLE `permohonan` DISABLE KEYS */;
INSERT INTO `permohonan` VALUES
(1,1,1,230000,'McDermott, Bashirian and Witting','Accepted'),
(1,2,1,130000,'Batz Group','Declined'),
(2,1,1,110000,'Stanton LLC','Accepted'),
(3,1,1,86000,'Schoen, Huel and Emard','Declined'),
(3,2,1,50000,'Berge and Sons','Declined'),
(3,2,2,240000,'McDermott, Bashirian and Witting','Accepted'),
(4,1,1,89000,'Heaney, Hayes and Durgan','Accepted'),
(5,1,1,190000,'Heaney, Hayes and Durgan','Declined'),
(5,2,1,360000,'Berge and Sons','Accepted'),
(6,1,1,130000,'McDermott, Bashirian and Witting','Declined'),
(6,2,1,134000,'Batz Group','Accepted'),
(7,1,1,193000,'Kuvalis-Erdman','Declined'),
(7,1,2,405000,'Turcotte Group','Declined'),
(8,1,1,157000,'Berge and Sons','Accepted'),
(8,2,1,187000,'Heaney, Hayes and Durgan','Declined'),
(9,1,1,214000,'Stanton LLC','Declined'),
(9,2,1,155000,'Heaney, Hayes and Durgan','Declined'),
(9,2,2,174000,'Batz Group','Accepted'),
(9,3,1,55000,'Turcotte Group','Declined'),
(10,1,1,161000,'Rowe-Armstrong','Declined'),
(10,1,2,214000,'Schoen, Huel and Emard','Declined'),
(10,2,1,53000,'Turcotte Group','Accepted'),
(11,1,1,57000,'Batz Group','Accepted'),
(12,1,1,130000,'Kuvalis-Erdman','Declined'),
(12,1,2,213000,'Stanton LLC','Accepted'),
(13,1,1,70000,'McDermott, Bashirian and Witting','Declined'),
(13,2,1,50000,'Heaney, Hayes and Durgan','Declined'),
(14,1,1,134000,'Rowe-Armstrong','Declined'),
(14,1,2,202000,'Berge and Sons','Declined'),
(14,2,1,53000,'Stanton LLC','Declined'),
(14,3,1,199000,'McDermott, Bashirian and Witting','Declined'),
(14,3,2,61000,'Schoen, Huel and Emard','Accepted'),
(15,1,1,128000,'Heaney, Hayes and Durgan','Declined'),
(15,1,2,274000,'Batz Group','Accepted'),
(15,2,1,179000,'Rowe-Armstrong','Declined'),
(15,3,1,76000,'Herman, Romaguera and Simonis','Declined'),
(15,3,2,284000,'Herman, Romaguera and Simonis','Accepted'),
(16,1,1,163000,'Berge and Sons','Declined'),
(16,1,2,64000,'Turcotte Group','Accepted'),
(16,2,1,237000,'Kuvalis-Erdman','Declined'),
(16,2,2,68000,'Heaney, Hayes and Durgan','Declined'),
(17,1,1,123000,'Kuvalis-Erdman','Declined'),
(18,1,1,57000,'Berge and Sons','Accepted'),
(19,1,1,50000,'Rowe-Armstrong','Declined'),
(19,1,2,136000,'Stanton LLC','Accepted'),
(20,1,1,231000,'Heaney, Hayes and Durgan','Declined'),
(20,2,1,263000,'Stanton LLC','Accepted'),
(21,1,1,144000,'Schoen, Huel and Emard','Accepted'),
(21,2,1,184000,'Stanton LLC','Accepted'),
(22,1,1,386000,'Stanton LLC','Declined'),
(23,1,1,97000,'Rowe-Armstrong','Declined'),
(23,1,2,206000,'Kuvalis-Erdman','Accepted'),
(24,1,1,148000,'Kuvalis-Erdman','Declined'),
(24,1,2,209000,'Schoen, Huel and Emard','Accepted'),
(25,1,1,61000,'Heaney, Hayes and Durgan','Accepted'),
(25,2,1,183000,'Turcotte Group','Declined'),
(26,1,1,71000,'Kuvalis-Erdman','Declined'),
(26,1,2,119000,'Berge and Sons','Declined'),
(26,1,3,81000,'Herman, Romaguera and Simonis','Accepted'),
(26,2,1,243000,'Batz Group','Declined'),
(27,1,1,57000,'Berge and Sons','Declined'),
(28,1,1,206000,'Herman, Romaguera and Simonis','Accepted'),
(29,1,1,224000,'Berge and Sons','Declined'),
(30,1,1,85000,'Kuvalis-Erdman','Declined'),
(30,2,1,141000,'Kuvalis-Erdman','Declined'),
(31,1,1,1047000,'Berge and Sons','Declined'),
(31,1,2,1019000,'Rowe-Armstrong','Declined'),
(31,1,3,1053000,'Heaney, Hayes and Durgan','Accepted'),
(31,2,1,1008000,'Schoen, Huel and Emard','Declined'),
(31,2,2,1082000,'Heaney, Hayes and Durgan','Accepted'),
(32,1,1,1087000,'Rowe-Armstrong','Accepted'),
(33,1,1,1088000,'Kuvalis-Erdman','Declined'),
(33,1,2,1079000,'Stanton LLC','Declined'),
(33,2,1,1031000,'Batz Group','Declined'),
(33,3,1,1020000,'Herman, Romaguera and Simonis','Declined'),
(33,3,2,1006000,'Herman, Romaguera and Simonis','Declined'),
(34,1,1,1072000,'Kuvalis-Erdman','Declined'),
(34,1,2,1042000,'Schoen, Huel and Emard','Declined'),
(34,1,3,1093000,'Stanton LLC','Declined'),
(34,1,4,1039000,'Rowe-Armstrong','Accepted'),
(34,2,1,1016000,'Berge and Sons','Declined'),
(34,2,2,1067000,'Heaney, Hayes and Durgan','Declined'),
(34,2,3,1084000,'Schoen, Huel and Emard','Declined'),
(35,1,1,1023000,'Turcotte Group','Declined'),
(36,1,1,1062000,'Stanton LLC','Declined'),
(36,1,2,1039000,'Schoen, Huel and Emard','Accepted'),
(37,1,1,1013000,'Herman, Romaguera and Simonis','Accepted'),
(38,1,1,1046000,'Berge and Sons','Accepted'),
(39,1,1,1092000,'Herman, Romaguera and Simonis','Accepted'),
(40,1,1,1023000,'McDermott, Bashirian and Witting','Declined'),
(40,1,2,1040000,'Batz Group','Declined'),
(40,1,3,1030000,'Berge and Sons','Accepted'),
(40,2,1,1032000,'Batz Group','Declined'),
(40,2,2,1071000,'Berge and Sons','Declined'),
(40,3,1,1057000,'Stanton LLC','Declined'),
(40,3,2,1075000,'McDermott, Bashirian and Witting','Declined'),
(40,3,3,1004000,'Berge and Sons','Declined'),
(41,1,1,1093000,'McDermott, Bashirian and Witting','Accepted'),
(41,2,1,1056000,'Herman, Romaguera and Simonis','Accepted'),
(42,1,1,1001000,'Kuvalis-Erdman','Accepted'),
(42,2,1,1036000,'Stanton LLC','Declined'),
(42,2,2,1080000,'Batz Group','Accepted'),
(43,1,1,1092000,'Herman, Romaguera and Simonis','Accepted'),
(43,2,1,1018000,'Turcotte Group','Declined'),
(43,2,2,1017000,'Kuvalis-Erdman','Declined'),
(43,2,3,1029000,'Schoen, Huel and Emard','Declined'),
(44,1,1,1094000,'Turcotte Group','Accepted'),
(44,2,1,1085000,'Herman, Romaguera and Simonis','Declined'),
(44,3,1,1045000,'Kuvalis-Erdman','Accepted'),
(45,1,1,1071000,'McDermott, Bashirian and Witting','Declined'),
(45,1,2,1020000,'Herman, Romaguera and Simonis','Accepted'),
(46,1,1,1085000,'Herman, Romaguera and Simonis','Declined'),
(46,1,2,1069000,'Kuvalis-Erdman','Declined'),
(46,2,1,1088000,'Rowe-Armstrong','Declined'),
(46,2,2,1034000,'Stanton LLC','Declined'),
(46,2,3,1007000,'Batz Group','Accepted'),
(47,1,1,1033000,'Batz Group','Declined'),
(47,2,1,1044000,'Herman, Romaguera and Simonis','Declined'),
(48,1,1,1023000,'Turcotte Group','Declined'),
(48,1,2,1083000,'Herman, Romaguera and Simonis','Accepted'),
(48,2,1,1047000,'Batz Group','Declined'),
(48,2,2,1085000,'Stanton LLC','Declined'),
(48,2,3,1087000,'Turcotte Group','Declined'),
(48,2,4,1080000,'Rowe-Armstrong','Declined'),
(48,2,5,1041000,'Stanton LLC','Declined'),
(48,2,6,1063000,'Heaney, Hayes and Durgan','Declined'),
(48,2,7,1093000,'Stanton LLC','Declined'),
(48,3,1,1075000,'Schoen, Huel and Emard','Accepted'),
(48,4,1,1099000,'Kuvalis-Erdman','Accepted'),
(49,1,1,1068000,'Batz Group','Accepted'),
(50,1,1,1046000,'Berge and Sons','Accepted'),
(51,1,1,1027000,'Schoen, Huel and Emard','Accepted'),
(52,1,1,1098000,'Stanton LLC','Accepted'),
(53,1,1,1010000,'Rowe-Armstrong','Accepted'),
(54,1,1,1057000,'Heaney, Hayes and Durgan','Accepted'),
(55,1,1,1054000,'Stanton LLC','Declined'),
(55,1,2,1098000,'Batz Group','Declined'),
(55,1,3,1031000,'Schoen, Huel and Emard','Accepted'),
(56,1,1,1061000,'McDermott, Bashirian and Witting','Declined'),
(56,1,2,1014000,'Heaney, Hayes and Durgan','Declined'),
(56,1,3,1087000,'McDermott, Bashirian and Witting','Accepted'),
(56,2,1,1094000,'Herman, Romaguera and Simonis','Accepted'),
(57,1,1,1007000,'Kuvalis-Erdman','Accepted'),
(57,2,1,1057000,'Stanton LLC','Accepted'),
(58,1,1,1061000,'Berge and Sons','Accepted'),
(59,1,1,1037000,'McDermott, Bashirian and Witting','Accepted'),
(60,1,1,1000000,'Stanton LLC','Accepted'),
(60,2,1,1090000,'Kuvalis-Erdman','Accepted'),
(61,1,1,251342,'Berge and Sons','Declined'),
(61,1,2,124112,'Herman, Romaguera and Simonis','Declined'),
(61,1,3,85425,'Turcotte Group','Declined'),
(63,1,1,72424,'Turcotte Group','Declined'),
(64,1,1,175342,'Berge and Sons','Declined'),
(64,2,1,126573,'Turcotte Group','Declined'),
(65,1,1,47934,'Rowe-Armstrong','Declined'),
(67,1,1,232456,'Schoen, Huel and Emard','Declined'),
(67,1,2,236457,'Schoen, Huel and Emard','Declined'),
(67,2,1,745242,'Batz Group','Declined'),
(68,1,1,237564,'Turcotte Group','Declined'),
(69,1,1,758245,'Berge and Sons','Declined'),
(69,2,1,257256,'Rowe-Armstrong','Accepted'),
(71,1,3,47345,'Rowe-Armstrong','Declined'),
(72,1,1,254734,'Batz Group','Accepted'),
(74,1,1,834563,'Schoen, Huel and Emard','Declined'),
(74,3,1,36462,'Rowe-Armstrong','Declined'),
(74,3,2,234523,'Stanton LLC','Declined'),
(75,2,1,745646,'Heaney, Hayes and Durgan','Declined'),
(76,1,1,236472,'Schoen, Huel and Emard','Declined'),
(80,1,1,624742,'Berge and Sons','Declined'),
(80,1,3,265426,'Stanton LLC','Declined'),
(81,1,1,735634,'Herman, Romaguera and Simonis','Accepted'),
(82,1,1,745623,'Batz Group','Declined'),
(82,2,1,67253,'Kuvalis-Erdman','Declined'),
(83,1,1,654724,'Batz Group','Declined'),
(86,1,3,36332,'Heaney, Hayes and Durgan','Accepted'),
(87,2,1,635611,'Rowe-Armstrong','Declined'),
(87,3,1,854623,'Batz Group','Accepted'),
(88,1,1,63467,'Turcotte Group','Declined'),
(88,1,2,74823,'Kuvalis-Erdman','Declined'),
(90,1,1,748341,'Herman, Romaguera and Simonis','Declined'),
(90,1,2,345724,'Rowe-Armstrong','Declined'),
(90,2,1,97643,'McDermott, Bashirian and Witting','Accepted'),
(91,1,1,2570000,'Stanton LLC','Declined'),
(91,1,2,2570000,'Herman, Romaguera and Simonis','Accepted'),
(91,2,1,250000,'Heaney, Hayes and Durgan','Accepted'),
(92,1,1,130500,'Stanton LLC','Accepted'),
(93,1,1,86500,'Schoen, Huel and Emard','Declined'),
(93,2,1,50000,'Berge and Sons','Declined'),
(93,2,2,249600,'McDermott, Bashirian and Witting','Declined'),
(93,2,3,72000,'Turcotte Group','Declined'),
(93,3,1,86500,'McDermott, Bashirian and Witting','Declined'),
(94,1,1,896100,'Heaney, Hayes and Durgan','Accepted'),
(94,1,2,436000,'Batz Group','Declined'),
(94,2,1,72000,'Stanton LLC','Accepted'),
(95,1,1,153000,'Berge and Sons','Accepted'),
(96,1,1,55000,'Turcotte Group','Declined'),
(96,1,2,134000,'Batz Group','Accepted'),
(97,1,1,193000,'Kuvalis-Erdman','Accepted'),
(97,1,2,218000,'Rowe-Armstrong','Declined'),
(97,2,1,190000,'Rowe-Armstrong','Accepted'),
(98,1,1,187000,'Heaney, Hayes and Durgan','Declined'),
(98,1,2,299000,'Kuvalis-Erdman','Accepted'),
(99,1,1,70000,'Kuvalis-Erdman','Declined'),
(99,1,2,55000,'Turcotte Group','Declined'),
(100,1,1,209000,'Herman, Romaguera and Simonis','Accepted'),
(101,1,1,57000,'Batz Group','Accepted'),
(102,1,1,130000,'Kuvalis-Erdman','Declined'),
(102,1,2,470000,'Stanton LLC','Accepted'),
(103,1,1,70000,'Heaney, Hayes and Durgan','Accepted'),
(103,1,2,359000,'Kuvalis-Erdman','Declined'),
(103,2,1,50000,'Heaney, Hayes and Durgan','Accepted'),
(103,3,1,301000,'Kuvalis-Erdman','Accepted'),
(104,1,1,202000,'Berge and Sons','Accepted'),
(104,1,2,53000,'Stanton LLC','Declined'),
(104,1,3,199000,'McDermott, Bashirian and Witting','Declined'),
(104,1,4,61000,'Schoen, Huel and Emard','Declined'),
(105,1,1,128000,'Heaney, Hayes and Durgan','Declined'),
(105,1,2,274000,'Batz Group','Declined'),
(105,1,3,189000,'Batz Group','Accepted'),
(105,2,1,284000,'Herman, Romaguera and Simonis','Declined'),
(105,2,2,50000,'Herman, Romaguera and Simonis','Accepted'),
(106,1,1,63000,'Rowe-Armstrong','Accepted'),
(107,1,1,218000,'Rowe-Armstrong','Accepted'),
(108,1,1,57000,'Berge and Sons','Accepted'),
(108,1,2,159000,'McDermott, Bashirian and Witting','Declined'),
(108,1,3,185000,'Turcotte Group','Declined'),
(109,1,1,136000,'Stanton LLC','Declined'),
(109,1,2,219000,'Heaney, Hayes and Durgan','Accepted'),
(110,1,1,231000,'Stanton LLC','Accepted'),
(110,2,1,263000,'Stanton LLC','Accepted'),
(111,1,1,144000,'Schoen, Huel and Emard','Accepted'),
(112,1,1,386000,'Stanton LLC','Accepted'),
(113,1,1,56000,'Rowe-Armstrong','Accepted'),
(114,1,1,140000,'Kuvalis-Erdman','Declined'),
(114,1,2,209000,'Schoen, Huel and Emard','Accepted'),
(115,1,1,671000,'Heaney, Hayes and Durgan','Declined'),
(115,1,2,275000,'Rowe-Armstrong','Accepted'),
(115,1,3,183000,'Turcotte Group','Declined'),
(115,2,1,115000,'Rowe-Armstrong','Accepted'),
(115,3,1,71000,'Rowe-Armstrong','Accepted'),
(116,1,1,42000,'McDermott, Bashirian and Witting','Accepted'),
(117,1,1,577000,'Berge and Sons','Accepted'),
(118,1,1,107000,'Herman, Romaguera and Simonis','Declined'),
(118,1,2,243000,'Schoen, Huel and Emard','Accepted'),
(119,1,1,224000,'Berge and Sons','Accepted'),
(120,1,1,85000,'Kuvalis-Erdman','Accepted'),
(120,2,1,141000,'Kuvalis-Erdman','Accepted'),
(120,2,2,208000,'Heaney, Hayes and Durgan','Declined'),
(124,1,1,200000,'Stanton LLC','Accepted'),
(129,1,1,10000000,'Batz Group','Declined'),
(129,1,2,8000000,'Heaney, Hayes and Durgan','Accepted'),
(132,1,1,500000,'McDermott, Bashirian and Witting','Declined'),
(133,1,1,1000000,'Heaney, Hayes and Durgan','Declined'),
(134,1,1,50000000,'Kuvalis-Erdman','Accepted'),
(137,1,1,1000000,'Rowe-Armstrong','Accepted'),
(138,1,1,250000,'Berge and Sons','Accepted'),
(140,1,1,2000000,'Schoen, Huel and Emard','Declined'),
(140,1,2,2000000,'Berge and Sons','Declined'),
(140,1,3,2000000,'Kuvalis-Erdman','Accepted'),
(145,1,1,240000,'Herman, Romaguera and Simonis','Accepted'),
(146,1,1,200000,'Turcotte Group','Accepted'),
(148,1,1,350000,'Rowe-Armstrong','Accepted'),
(149,1,2,230000,'McDermott, Bashirian and Witting','Accepted'),
(150,2,1,500000,'Batz Group','Accepted');
/*!40000 ALTER TABLE `permohonan` ENABLE KEYS */;
UNLOCK TABLES;

--
-- Table structure for table `prosedur`
--

DROP TABLE IF EXISTS `prosedur`;
/*!40101 SET @saved_cs_client     = @@character_set_client */;
/*!40101 SET character_set_client = utf8 */;
CREATE TABLE `prosedur` (
  `id_pasien` int(11) NOT NULL,
  `id_rekam_medis` int(11) NOT NULL,
  `id_aktivitas` int(11) NOT NULL,
  `jenis_prosedur` varchar(25) NOT NULL,
  `tanggal_prosedur` date NOT NULL,
  `jam_prosedur` time NOT NULL,
  PRIMARY KEY (`id_pasien`,`id_rekam_medis`,`id_aktivitas`),
  CONSTRAINT `prosedur_ibfk_1` FOREIGN KEY (`id_pasien`, `id_rekam_medis`, `id_aktivitas`) REFERENCES `aktivitas_medis` (`id_pasien`, `id_rekam_medis`, `id_aktivitas`)
) ENGINE=InnoDB DEFAULT CHARSET=latin1 COLLATE=latin1_swedish_ci;
/*!40101 SET character_set_client = @saved_cs_client */;

--
-- Dumping data for table `prosedur`
--

LOCK TABLES `prosedur` WRITE;
/*!40000 ALTER TABLE `prosedur` DISABLE KEYS */;
/*!40000 ALTER TABLE `prosedur` ENABLE KEYS */;
UNLOCK TABLES;

--
-- Table structure for table `rekam_medis`
--

DROP TABLE IF EXISTS `rekam_medis`;
/*!40101 SET @saved_cs_client     = @@character_set_client */;
/*!40101 SET character_set_client = utf8 */;
CREATE TABLE `rekam_medis` (
  `id_pasien` int(11) NOT NULL,
  `id_rekam_medis` int(11) NOT NULL,
  `tanggal_masuk` date NOT NULL,
  `tanggal_keluar` date NOT NULL,
  PRIMARY KEY (`id_pasien`,`id_rekam_medis`),
  CONSTRAINT `rekam_medis_ibfk_1` FOREIGN KEY (`id_pasien`) REFERENCES `pasien` (`id_pasien`)
) ENGINE=InnoDB DEFAULT CHARSET=latin1 COLLATE=latin1_swedish_ci;
/*!40101 SET character_set_client = @saved_cs_client */;

--
-- Dumping data for table `rekam_medis`
--

LOCK TABLES `rekam_medis` WRITE;
/*!40000 ALTER TABLE `rekam_medis` DISABLE KEYS */;
INSERT INTO `rekam_medis` VALUES
(1,1,'2020-10-08','2020-10-08'),
(1,2,'2021-11-18','2021-11-28'),
(2,1,'2021-02-07','2021-02-12'),
(3,1,'2021-10-23','2021-10-23'),
(3,2,'2022-07-18','2022-07-23'),
(4,1,'2022-05-22','2022-05-29'),
(5,1,'2020-04-09','2020-04-14'),
(5,2,'2022-10-04','2022-10-09'),
(6,1,'2021-06-14','2021-06-14'),
(6,2,'2021-10-21','2021-10-28'),
(7,1,'2021-06-02','2021-06-12'),
(8,1,'2020-01-28','2020-01-28'),
(8,2,'2021-10-16','2021-10-21'),
(9,1,'2020-12-10','2020-12-17'),
(9,2,'2021-08-27','2021-08-27'),
(9,3,'2021-09-25','2021-09-25'),
(10,1,'2021-04-23','2021-04-30'),
(10,2,'2022-07-03','2022-07-03'),
(11,1,'2020-06-03','2020-06-10'),
(12,1,'2022-08-26','2022-08-26'),
(13,1,'2021-01-28','2021-02-04'),
(13,2,'2022-08-21','2022-08-21'),
(14,1,'2021-01-13','2021-01-18'),
(14,2,'2022-06-26','2022-07-06'),
(14,3,'2023-01-07','2023-01-07'),
(15,1,'2020-11-14','2020-11-21'),
(15,2,'2021-06-07','2021-06-12'),
(15,3,'2022-05-06','2022-05-06'),
(16,1,'2021-11-23','2021-11-28'),
(16,2,'2022-04-08','2022-04-08'),
(17,1,'2023-01-01','2023-01-06'),
(18,1,'2021-04-27','2021-04-27'),
(19,1,'2023-02-22','2023-03-04'),
(20,1,'2021-07-08','2021-07-08'),
(20,2,'2022-12-23','2022-12-30'),
(21,1,'2022-03-14','2022-03-19'),
(21,2,'2022-07-09','2022-07-09'),
(22,1,'2022-01-01','2022-01-06'),
(23,1,'2021-10-16','2021-10-16'),
(24,1,'2020-04-14','2020-04-19'),
(25,1,'2020-02-01','2020-02-08'),
(25,2,'2021-11-06','2021-11-06'),
(26,1,'2022-05-17','2022-05-22'),
(26,2,'2023-02-17','2023-02-27'),
(27,1,'2022-12-18','2022-12-18'),
(28,1,'2021-09-27','2021-10-02'),
(29,1,'2020-04-22','2020-04-27'),
(30,1,'2021-09-14','2021-09-14'),
(30,2,'2023-03-09','2023-03-16'),
(31,1,'2023-01-11','2023-01-14'),
(31,2,'2023-02-04','2023-02-07'),
(32,1,'2023-02-11','2023-02-15'),
(33,1,'2023-01-01','2023-01-01'),
(33,2,'2023-03-22','2023-04-01'),
(33,3,'2023-04-09','2023-04-17'),
(34,1,'2023-02-23','2023-02-24'),
(34,2,'2023-03-10','2023-03-11'),
(35,1,'2023-03-22','2023-03-22'),
(36,1,'2023-04-09','2023-04-09'),
(37,1,'2023-02-21','2023-03-03'),
(38,1,'2023-02-28','2023-03-07'),
(39,1,'2023-02-10','2023-02-19'),
(40,1,'2023-01-10','2023-01-18'),
(40,2,'2023-01-27','2023-01-28'),
(40,3,'2023-03-11','2023-03-17'),
(41,1,'2023-01-17','2023-01-24'),
(41,2,'2023-03-14','2023-03-23'),
(42,1,'2023-01-14','2023-01-15'),
(42,2,'2023-02-19','2023-02-19'),
(43,1,'2023-01-05','2023-01-12'),
(43,2,'2023-03-18','2023-03-23'),
(44,1,'2023-01-07','2023-01-10'),
(44,2,'2023-02-02','2023-02-05'),
(44,3,'2023-03-09','2023-03-12'),
(45,1,'2023-02-09','2023-02-14'),
(46,1,'2023-01-03','2023-01-12'),
(46,2,'2023-04-02','2023-04-02'),
(47,1,'2023-02-19','2023-02-22'),
(47,2,'2023-03-14','2023-03-20'),
(48,1,'2023-01-13','2023-01-21'),
(48,2,'2023-02-14','2023-02-17'),
(48,3,'2023-03-27','2023-04-02'),
(48,4,'2023-04-05','2023-04-14'),
(49,1,'2023-01-14','2023-01-19'),
(50,1,'2023-03-24','2023-03-25'),
(51,1,'2023-03-13','2023-03-20'),
(52,1,'2023-01-09','2023-01-12'),
(53,1,'2023-01-30','2023-02-05'),
(54,1,'2023-01-21','2023-01-29'),
(55,1,'2023-01-13','2023-01-18'),
(56,1,'2023-01-02','2023-01-03'),
(56,2,'2023-03-11','2023-03-11'),
(57,1,'2023-02-11','2023-02-19'),
(57,2,'2023-04-09','2023-04-18'),
(58,1,'2023-03-09','2023-03-12'),
(59,1,'2023-02-12','2023-02-19'),
(60,1,'2023-01-08','2023-01-11'),
(60,2,'2023-01-12','2023-01-21'),
(61,1,'2022-04-25','2022-04-27'),
(62,1,'2022-07-16','2022-07-16'),
(63,1,'2022-10-15','2022-10-15'),
(64,1,'2022-08-25','2022-08-28'),
(64,2,'2022-09-28','2022-09-28'),
(65,1,'2022-04-26','2022-04-27'),
(65,2,'2022-07-10','2022-07-11'),
(66,1,'2022-05-24','2022-05-24'),
(67,1,'2023-02-28','2023-02-28'),
(67,2,'2022-10-23','2022-10-23'),
(68,1,'2022-08-03','2022-08-08'),
(69,1,'2022-09-09','2022-09-09'),
(69,2,'2022-05-29','2022-05-30'),
(70,1,'2022-04-19','2022-04-19'),
(71,1,'2023-02-18','2023-02-19'),
(72,1,'2022-11-03','2022-11-05'),
(73,1,'2022-04-20','2022-04-20'),
(73,2,'2023-04-03','2023-04-03'),
(74,1,'2023-02-28','2023-03-01'),
(74,2,'2023-01-26','2023-01-26'),
(74,3,'2022-08-13','2022-08-17'),
(75,1,'2023-03-06','2023-03-06'),
(75,2,'2022-09-26','2022-09-27'),
(76,1,'2023-02-02','2023-02-02'),
(77,1,'2022-10-20','2022-10-24'),
(78,1,'2023-01-29','2023-01-29'),
(79,1,'2023-04-01','2023-04-07'),
(80,1,'2023-01-21','2023-01-21'),
(81,1,'2023-01-23','2023-01-23'),
(81,2,'2022-04-18','2022-04-20'),
(82,1,'2022-08-21','2022-08-21'),
(82,2,'2022-10-22','2022-10-22'),
(83,1,'2022-08-30','2022-08-30'),
(83,2,'2022-09-08','2022-09-11'),
(84,1,'2022-07-26','2022-07-26'),
(85,1,'2023-03-03','2023-03-06'),
(86,1,'2022-12-28','2022-12-28'),
(87,1,'2023-04-04','2023-04-18'),
(87,2,'2022-06-03','2022-06-03'),
(87,3,'2023-03-15','2023-03-20'),
(88,1,'2022-08-16','2022-08-16'),
(89,1,'2022-07-22','2022-07-22'),
(90,1,'2022-06-02','2022-06-10'),
(90,2,'2022-12-08','2022-12-16'),
(91,1,'2020-11-25','2020-12-05'),
(91,2,'2022-11-18','2022-11-18'),
(92,1,'2021-12-03','2021-12-03'),
(93,1,'2022-07-18','2022-07-18'),
(93,2,'2022-10-23','2022-10-23'),
(93,3,'2023-03-03','2023-03-03'),
(94,1,'2022-05-22','2022-05-22'),
(94,2,'2022-06-06','2022-06-06'),
(95,1,'2020-04-09','2020-04-09'),
(96,1,'2021-06-14','2021-06-14'),
(97,1,'2021-06-02','2021-06-02'),
(97,2,'2022-01-29','2022-01-29'),
(98,1,'2022-01-28','2022-01-28'),
(99,1,'2020-08-27','2020-08-27'),
(100,1,'2021-04-24','2021-04-24'),
(101,1,'2020-06-03','2020-06-03'),
(102,1,'2022-08-26','2022-08-26'),
(103,1,'2021-02-01','2021-02-15'),
(103,2,'2022-01-28','2022-01-28'),
(103,3,'2022-08-21','2022-08-21'),
(104,1,'2021-06-07','2021-06-07'),
(105,1,'2022-11-14','2022-11-14'),
(105,2,'2023-02-09','2023-02-09'),
(106,1,'2020-11-23','2020-11-23'),
(107,1,'2023-01-01','2023-01-01'),
(108,1,'2021-04-27','2021-04-27'),
(109,1,'2023-02-22','2023-02-22'),
(110,1,'2021-07-08','2021-07-08'),
(110,2,'2021-12-23','2021-12-23'),
(111,1,'2022-03-14','2022-03-14'),
(112,1,'2023-01-05','2023-01-05'),
(113,1,'2021-09-11','2021-09-11'),
(114,1,'2020-04-14','2020-04-14'),
(115,1,'2023-02-01','2023-02-04'),
(115,2,'2022-05-17','2022-05-17'),
(115,3,'2023-11-06','2023-11-06'),
(116,1,'2023-01-13','2023-01-13'),
(117,1,'2022-12-18','2022-12-18'),
(118,1,'2021-09-27','2021-09-27'),
(119,1,'2020-04-22','2020-04-22'),
(120,1,'2021-09-14','2021-09-14'),
(120,2,'2023-03-09','2023-03-09'),
(121,1,'2006-06-06','2006-06-06'),
(122,1,'2013-02-17','2013-02-20'),
(123,1,'2013-02-28','2013-02-28'),
(124,1,'2002-09-29','2002-09-29'),
(125,1,'2015-10-28','2015-10-28'),
(126,1,'2018-05-23','2018-05-23'),
(127,1,'2019-01-12','2019-01-17'),
(127,2,'2022-05-27','2022-05-30'),
(128,1,'2019-09-19','2019-09-24'),
(129,1,'2021-05-17','2021-05-25'),
(130,1,'2012-11-12','2012-11-12'),
(131,1,'2002-10-12','2002-10-14'),
(132,1,'2016-10-27','2016-10-27'),
(133,1,'2016-07-26','2016-07-30'),
(133,2,'2017-03-04','2017-03-04'),
(134,1,'2023-01-01','2023-01-12'),
(135,1,'2015-03-24','2015-03-28'),
(136,1,'2004-10-05','2004-10-05'),
(137,1,'2019-07-07','2019-07-10'),
(138,1,'2023-01-03','2023-01-03'),
(139,1,'2000-01-23','2000-01-26'),
(139,2,'2000-09-25','2000-09-25'),
(139,3,'2000-10-09','2000-10-15'),
(140,1,'2014-12-24','2014-12-29'),
(140,2,'2015-01-05','2015-01-05'),
(141,1,'2011-08-21','2011-08-21'),
(142,1,'2017-04-06','2017-04-06'),
(143,1,'2002-10-29','2002-10-29'),
(144,1,'2011-10-18','2011-10-25'),
(145,1,'2004-08-26','2004-08-29'),
(146,1,'2010-01-25','2010-01-25'),
(147,1,'2002-06-21','2002-06-23'),
(148,1,'2015-07-06','2015-07-06'),
(149,1,'2008-03-07','2008-03-07'),
(150,1,'2010-04-02','2010-04-05'),
(150,2,'2016-07-05','2016-07-05');
/*!40000 ALTER TABLE `rekam_medis` ENABLE KEYS */;
UNLOCK TABLES;

--
-- Table structure for table `tenaga_medis`
--

DROP TABLE IF EXISTS `tenaga_medis`;
/*!40101 SET @saved_cs_client     = @@character_set_client */;
/*!40101 SET character_set_client = utf8 */;
CREATE TABLE `tenaga_medis` (
  `no_lisensi` char(26) NOT NULL,
  `id_dept` char(5) NOT NULL,
  `nama_depan` varchar(20) NOT NULL,
  `nama_belakang` varchar(20) DEFAULT NULL,
  `tanggal_lahir` date NOT NULL,
  `no_telepon` varchar(12) NOT NULL,
  `nama_jalan` varchar(30) NOT NULL,
  `desa_kelurahan` varchar(30) NOT NULL,
  `kecamatan` varchar(20) NOT NULL,
  `kabupaten_kota` varchar(20) NOT NULL,
  `provinsi` varchar(20) NOT NULL,
  `tipe` varchar(20) NOT NULL,
  PRIMARY KEY (`no_lisensi`),
  KEY `id_dept` (`id_dept`),
  CONSTRAINT `tenaga_medis_ibfk_1` FOREIGN KEY (`id_dept`) REFERENCES `departemen` (`id_dept`)
) ENGINE=InnoDB DEFAULT CHARSET=latin1 COLLATE=latin1_swedish_ci;
/*!40101 SET character_set_client = @saved_cs_client */;

--
-- Dumping data for table `tenaga_medis`
--

LOCK TABLES `tenaga_medis` WRITE;
/*!40000 ALTER TABLE `tenaga_medis` DISABLE KEYS */;
INSERT INTO `tenaga_medis` VALUES
('01GXAJYADQE30W54KAWY6TWVKQ','DPT04','Carola','Rissen','2022-11-01','469-961-7148','Jalan Vernon No 92','Campaka','Andir','Bandung','Jawa Barat','perawat'),
('01GXAJYADYFW9FBCDRDGV09HFC','DPT07','Donny','Burfitt','2022-04-29','233-820-5921','Jalan Linden No 896','Pajajaran','Cicendo','Bandung','Jawa Barat','dokter'),
('01GXAJYADZS6ARS5RHA56AG59Z','DPT05','Amandie','Dailly','2022-06-03','108-702-7034','Apartemen Dorton','Kebon Jeruk','Andir','Bandung','Jawa Barat','perawat'),
('01GXAJYAE0TSFH9ZTACM7VQYWJ','DPT03','Mufinella','Mourbey','2022-10-21','775-311-9744','Apartemen Tenison','Pajajaran','Cicendo','Bandung','Jawa Barat','perawat'),
('01GXAJYAE20Z3X5HCSW8DKHAE9','DPT02','Marinna','Welham','2022-06-19','500-841-4972','Jalan Buaya 5 No 19','Dunguscariang','Andir','Bandung','Jawa Barat','dokter'),
('01GXAJYAE3T4D6AGP35FJPXWC0','DPT05','Lorrie','Spurway','2022-07-15','600-419-8337','Apartemen Dorton','Kebon Jeruk','Andir','Bandung','Jawa Barat','perawat'),
('01GXAJYAE4TCBBCBXK8AFZEQ72','DPT05','Rowney','Gustus','2022-04-21','929-318-1579','Gallerie View Apartment','Bukit Duri','Tebet','Jakarta Selatan','DKI Jakarta','dokter'),
('01GXAJYAE5119SW0VPD3GD17B9','DPT02','Reuben','Zecchetti','2023-03-08','431-956-7982','Apartemen Dorton','Kebon Jeruk','Andir','Bandung','Jawa Barat','perawat'),
('01GXAJYAE6FTD9FVTVA8CGAJ3J','DPT10','Conrado','Badsey','2022-05-30','883-864-3302','Jalan Mangga No 5','Sekeloa','Coblong','Bandung','Jawa Barat','perawat'),
('01GXAJYAE8YGMWA715ABH5T582','DPT03','Iain','Gilbertson','2022-07-09','425-815-8353','Jalan Dalam No 43','Campaka','Andir','Bandung','Jawa Barat','dokter'),
('01GXAJYAE9M89GQPJPBTZ6DF6Y','DPT06','Rubin','Jasiak','2022-07-14','617-686-6976','Apartemen Tenison','Pajajaran','Cicendo','Bandung','Jawa Barat','perawat'),
('01GXAJYAEAHR5HWGYG23DP9BC3','DPT10','Harriet','Vause','2022-09-17','912-248-0313','Vila Campaka Indah 5 No 7','Campaka','Andir','Bandung','Jawa Barat','dokter'),
('01GXAJYAEB5WBVZ58QKSVS2NQX','DPT07','Yevette','McCurdy','2022-10-18','902-945-5267','Jalan Bidang','Ciroyom','Andir','Bandung','Jawa Barat','dokter'),
('01GXAJYAEDVNW5NTY8PTQ9GXAN','DPT04','Roz','Tatershall','2022-06-08','746-839-5399','Saraga ITB','Lebak Siliwangi','Coblong','Bandung','Jawa Barat','perawat'),
('01GXAJYAEENCA4KZTG26MSS329','DPT02','Jennifer','Darnell','2022-04-14','907-986-3906','Jalan Bayang Hitam 5','Pamoyanan','Cicendo','Bandung','Jawa Barat','perawat'),
('01GXAJYAEFWKKSP0QMQKA7MHBW','DPT01','Alfie','Patzelt','2022-09-27','562-108-4713','Jalan Ismail 4','Pasirkaliki','Cicendo','Bandung','Jawa Barat','dokter'),
('01GXAJYAEGZ9XGWWY56H6HMWN1','DPT08','Lonni','Burden','2022-09-22','146-926-8651','Komplek Arre 3','Cikutra','Cibeunying Kidul','Bandung','Jawa Barat','perawat'),
('01GXAJYAEJ6QW2611PC3M6TDRG','DPT10','Noelle','Davidsohn','2022-07-28','431-971-1973','Apartemen Tenison','Pajajaran','Cicendo','Bandung','Jawa Barat','dokter'),
('01GXAJYAEKY90TQG3YRENVCMP8','DPT06','Kylila','Bostick','2023-02-21','339-813-3321','Apartemen Dorton','Kebon Jeruk','Andir','Bandung','Jawa Barat','dokter'),
('01GXAJYAEMVEPFWKRAPWC6Z1TJ','DPT05','Boyd','Bingell','2022-09-29','220-716-0979','Jalan Kuningan 2 No 8','Kebon Jeruk','Andir','Bandung','Jawa Barat','dokter'),
('01GXAJYAENV60N7HM3WX5PSVKA','DPT05','Davey','Van der Kruis','2022-06-18','841-434-4399','Husen Residence','Husen Sastranegara','Cicendo','Bandung','Jawa Barat','perawat'),
('01GXAJYAEPM35T0D6QBBSC5BYT','DPT09','Janelle','McMillan','2022-08-22','436-348-5883','Sekeloa Residence','Sekeloa','Coblong','Bandung','Jawa Barat','dokter'),
('01GXAJYAER7P7WYG700J07X862','DPT06','Elfrieda','Lillow','2022-10-03','738-203-3301','Garuda Residence','Garuda','Andir','Bandung','Jawa Barat','perawat'),
('01GXAJYAESTH9KGNZ6PMAJC4QE','DPT01','Fremont','McGirr','2023-03-18','459-801-5306','Paskal Apartment View','Pasirkaliki','Cicendo','Bandung','Jawa Barat','perawat'),
('01GXAJYAEVKG9R1ZH7JYNW3C14','DPT07','Birgit','Beare','2022-12-22','729-206-2175','jalan Dago Atas 5','Dago','Coblong','Bandung','Jawa Barat','perawat'),
('01GXAJYAEXGAZVFZ0A45C53HYH','DPT09','Sue','Bolingbroke','2023-02-19','574-365-1534','Lebakgede Main Street','Lebakgede','Coblong','Bandung','Jawa Barat','perawat'),
('01GXAJYAEY8WC3MED0XQ8JS1W1','DPT02','Darill','Yanshin','2022-12-19','686-391-7514','Paskal Apartment View','Ciganjur','Jagakarsa','Jakarta Selatan','DKI Jakarta','dokter'),
('01GXAJYAEZQZ641Z7T1ZCKH4DW','DPT01','Tore','Sextie','2022-07-21','186-339-4965','Jalan Campaka Merah','Campaka','Andir','Bandung','Jawa Barat','perawat'),
('01GXAJYAF0TMVJ34EX6P1Y9AVP','DPT06','Bord','Gilstoun','2023-02-28','268-572-6657','Jalan Ramayana','Pamoyanan','Cicendo','Bandung','Jawa Barat','dokter'),
('01GXAJYAF2X9PQAWX2RQZ0S7JA','DPT05','Haze','Leber','2022-08-20','132-128-8533','Jalan Halo Matahari','Maleber','Andir','Bandung','Jawa Barat','perawat'),
('01GXAJYAF3VQV2Y2HSVA5QRQE5','DPT02','Tisha','Joron','2022-05-02','321-627-3782','Jalan Cicema 6','Dago','Coblong','Bandung','Jawa Barat','perawat'),
('01GXAJYAF5WRST79PXZQQNTQ3A','DPT07','Creighton','Pawlett','2023-03-18','359-488-3314','Cihapit Residence','Cihapit','Bandung Wetan','Bandung','Jawa Barat','dokter'),
('01GXAJYAF6A90T1Y2R5Y3NAMG7','DPT08','Modestine','Prendeville','2023-02-16','755-992-6087','Cihapit Residence','Cihapit','Bandung Wetan','Bandung','Jawa Barat','perawat'),
('01GXAJYAF87GDT4ZK9B6F5RDJ3','DPT09','Darin','Slimmon','2022-06-19','883-840-1170','Jalan Arjuna Wiwaha 4','Braga','Sumur Bandung','Bandung','Jawa Barat','perawat'),
('01GXAJYAFAW4V5V8FRTDXG5Z35','DPT02','Zak','Ravenscroftt','2022-07-01','711-870-5378','Apartemen Dorton','Kebon Jeruk','Andir','Bandung','Jawa Barat','perawat'),
('01GXAJYAFBFJ5X0VWZ8FN9WTDQ','DPT07','Aeriela','Mancell','2023-03-15','795-222-2205','Jalan Utama 3','Campaka','Andir','Bandung','Jawa Barat','perawat'),
('01GXAJYAFDNPR789CT772RBXFE','DPT08','Nariko','Baynton','2022-12-17','560-494-8329','Paskal Apartement View','Pasirkaliki','Cicendo','Bandung','Jawa Barat','dokter'),
('01GXAJYAFENZVZYTR2Q0FS0JGV','DPT04','Justina','Dorkens','2022-12-07','662-825-0264','Jalan 5','Husen Sastranegara','Cicendo','Bandung','Jawa Barat','perawat'),
('01GXAJYAFFFCS83RTQJPT8ABGY','DPT04','Marysa','Kupec','2022-04-08','703-133-7120','Jalan Kucing 3','Garuda','Andir','Bandung','Jawa Barat','perawat'),
('01GXAJYAFG8Q9XTQ0JXF8KF7NE','DPT03','Tristan','Connors','2022-10-21','561-455-2236','Jalan Pusing Berputar','Lebakgede','Coblong','Bandung','Jawa Barat','perawat'),
('01GXAJYAFJVF940X1EVBGH7SN3','DPT09','Byram','Candelin','2022-04-07','342-557-4355','Jalan Sambal 6','Pasirkaliki','Cicendo','Bandung','Jawa Barat','perawat'),
('01GXAJYAFK0KFW2AH7WKKJCCRQ','DPT03','Fiann','Sinnett','2022-06-27','404-856-4286','Arjuna Highway','Braga','Sumur Bandung','Bandung','Jawa Barat','perawat'),
('01GXAJYAFM3WSGN0RS69T9793W','DPT04','Thedrick','Westcot','2022-09-18','981-581-5754','Jalan Hedon 5','Maleber','Andir','Bandung','Jawa Barat','perawat'),
('01GXAJYAFP2YZPG3PRRN9P93HJ','DPT08','Merralee','Cornfoot','2023-02-01','534-195-8325','Saraga ITB','Lebak Siliwangi','Coblong','Bandung','Jawa Barat','perawat'),
('01GXAJYAFQT3Q51DD06AGE5ZD0','DPT03','Kata','Bourgeois','2022-09-13','779-297-4921','Jalan Steste 8','Garuda','Andir','Bandung','Jawa Barat','dokter'),
('01GXAJYAFSX77MABHFB7V7BS3Q','DPT03','Eloisa','Hiley','2022-07-26','723-804-2896','Jalan Kucing 3','Sastranegara','hehe','Bandung','Jawa Barat','perawat'),
('01GXAJYAFTBRYF89B3BYAXCRE4','DPT06','Aluin','Chinnock','2022-06-15','611-517-0101','Jalan Kay','Husen Sastranegara','Cicendo','Bandung','Jawa Barat','dokter'),
('01GXAJYAFV2C4MWAQWQTMT0RA3','DPT06','Kissee','Di Filippo','2022-04-23','737-572-8685','Jalan Meow 2','Sekeloa','Coblong','Bandung','Jawa Barat','perawat'),
('01GXAJYAFXJKB58E02S44JG72V','DPT04','Donia','Snowsill','2022-09-03','143-891-4123','Jalan Kayu Jati 6','Cikutra','Cibeunying Kidul','Bandung','Jawa Barat','dokter'),
('01GXAJYAFYAH7QSPADNP7Z6F1J','DPT06','Rabbi','Darlow','2023-03-30','946-553-6967','Apartemen Dorton','Kebon Jeruk','Andir','Bandung','Jawa Barat','perawat'),
('01GXAJYAG0YHD9217E7ZQT8QQ4','DPT06','Elvis','Johannes','2022-07-12','700-636-1520','Cihapit Residence','Cihapit','Bandung Wetan','Bandung','Jawa Barat','perawat'),
('01GXAJYAG1QHJT4X2912K14W83','DPT09','Yvon','Nusche','2023-03-02','413-200-3142','Campaka Utama Residence','Campaka','Andir','Bandung','Jawa Barat','perawat'),
('01GXAJYAG2PNQ3M0HGDHMBC2PA','DPT09','Bowie','Barok','2023-03-23','801-574-5412','Jalan Basdat No 3','Maleber','Andir','Bandung','Jawa Barat','perawat'),
('01GXAJYAG4J6HXVNDDHTGQN9MV','DPT06','Ode','Bulgen','2022-10-13','983-557-2171','Jalan Raya Mega Bintang','Lebakgede','Coblong','Bandung','Jawa Barat','perawat'),
('01GXAJYAG5GSK6NETCK1ZQNR3T','DPT06','Eldridge','Dabernott','2022-07-07','938-478-2271','Jalan 5','Cigadung','Cibeunying Kaler','Bandung','Jawa Barat','perawat'),
('01GXAJYAG6Z021NM3A3ZZ345PY','DPT07','Franciska','Braunthal','2023-03-11','876-995-1927','Jalan Kue Bagus 5','Pajajaran','Cicendo','Bandung','Jawa Barat','perawat'),
('01GXAJYAG8PSZT8HZ9A4SZ5TQT','DPT04','Wyn','Louisot','2022-08-08','286-768-4953','Dago Suites Apartment','Dago','Coblong','Bandung','Jawa Barat','perawat'),
('01GXAJYAG9J0S5AVA2NGHSGS4W','DPT09','Blair','Donneely','2023-03-02','117-118-1657','Sekeloa Residence','Sekeloa','Coblong','Bandung','Jawa Barat','dokter'),
('01GXAJYAGACC850M0EMJ7208YV','DPT10','Darice','De Normanville','2022-04-24','288-402-3213','Gallerie View Apartment','Cikutra','Cibeunying Kidul','Bandung','Jawa Barat','perawat'),
('01GXAJYAGCC4M2RSYXDTZ6Q0C9','DPT05','Etienne','Lindenstrauss','2022-04-25','884-647-3367','Jalan Campaka Raya 3','Campaka','Andir','Bandung','Jawa Barat','perawat'),
('01GXAJYAGDEZRMDT9SVN6CT0BR','DPT08','Birch','Yeates','2022-08-11','639-204-7900','Husen Residence','Husen Sastranegara','Cicendo','Bandung','Jawa Barat','perawat'),
('01GXAJYAGEHKM7CBTRM3GZ5827','DPT08','Berk','Brownsey','2023-03-21','133-718-2016','Jalan Lima Jalur','Sekeloa','Coblong','Bandung','Jawa Barat','dokter'),
('01GXAJYAGGYTQ1AA196FKFDE8C','DPT05','Otha','Brabant','2022-11-09','269-574-1164','Gallerie View Apartment','Cikutra','Cibeunying Kidul','Bandung','Jawa Barat','perawat'),
('01GXAJYAGHNG9J0C31WAQWQEAE','DPT03','Marie-ann','Sara','2022-12-17','897-678-3487','Jalan Hermina 5','Braga','Sumur Bandung','Bandung','Jawa Barat','dokter'),
('01GXAJYAGJVACM9SADS22Y67KM','DPT04','Waylen','Lapworth','2022-05-07','755-703-0295','Paskal Apartment View','Pasirkaliki','Cicendo','Bandung','Jawa Barat','dokter'),
('01GXAJYAGMWD7PCEWG9D4V7DQP','DPT03','Adda','Morley','2022-12-12','924-461-6114','Jalan Kopi 5','Ciroyom','Andir','Bandung','Jawa Barat','perawat'),
('01GXAJYAGNDCQZ885A8YXNG7V6','DPT06','Haleigh','Sutch','2022-11-24','991-956-8190','Sekeloa Residence','Sekeloa','Coblong','Bandung','Jawa Barat','perawat'),
('01GXAJYAGPKAN3TSGRNYJWEGG8','DPT10','Rutger','Schole','2022-10-18','358-803-0157','Jalan Manggis 5 No 3','Kebon Jeruk','Andir','Bandung','Jawa Barat','perawat'),
('01GXAJYAGQCW6JHESEMFQ0RDMC','DPT01','Isador','Haysman','2022-07-18','675-686-1759','Jalan Pemalangan No 6','Braga','Sumur Bandung','Bandung','Jawa Barat','dokter'),
('01GXAJYAGRNSNZ3G9V3AKG79SH','DPT09','Barbi','Garstang','2022-10-26','534-902-8760','Sadang Fashion Street 5','Cigadung','Cibeunying Kaler','Bandung','Jawa Barat','dokter'),
('01GXAJYAGTWRF4MPCHAFHSWB07','DPT04','Rita','Danielsky','2022-09-03','559-944-7186','Jalan Pepaya No 5','Lebakgede','Coblong','Bandung','Jawa Barat','perawat'),
('01GXAJYAGVPX74YY6BMBKA4S85','DPT03','Mariele','Boyson','2022-11-01','685-389-4461','Cikutra Residence','Cikutra','Cibeunying Kidul','Bandung','Jawa Barat','perawat'),
('01GXAJYAGWV6BN26TRV916RR99','DPT01','Rodney','Hedman','2022-11-01','125-813-9738','Jalan Kue Kuean','Ciroyom','Andir','Bandung','Jawa Barat','perawat'),
('01GXAJYAGXBBAEAZ3PVFK399NH','DPT08','Gerardo','Venmore','2023-01-20','386-991-5105','Jalan Kue Stroberi No 5','Cihapit','Bandung Wetan','Bandung','Jawa Barat','perawat'),
('01GXAJYAJ1T0ETYF8DDYFCPVM6','DPT05','Lenora','Ravilus','2022-06-13','840-104-3058','Jalan Kue Coklat No 3','Sekeloa','Coblong','Bandung','Jawa Barat','perawat'),
('01GXAJYAJ2APCWZCCSNA4XDRYK','DPT05','Bernardo','Gribble','2022-06-10','842-712-9476','Jalan Basdat No 4','Maleber','Andir','Bandung','Jawa Barat','perawat'),
('01GXAJYAJ4C9V3CQ4Y1TFMRJAH','DPT01','Sherie','Faich','2023-01-18','695-993-7413','Jalan Basdat No 5','Maleber','Andir','Bandung','Jawa Barat','perawat'),
('01GXAJYAJ5Z4XC22BGFESWA816','DPT05','Minta','MacKeever','2022-09-21','174-350-2132','Jalan Kemanggisan 5 No 7','Buaran','Serpong','Tangerang Selatan','Banten','dokter'),
('01GXAJYAJ71RRTFXM7WD1DWV9A','DPT01','Dani','Sloane','2022-04-08','337-224-2405','Jalan Anjing No 5','Pamoyanan','Cicendo','Bandung','Jawa Barat','perawat'),
('01GXAJYAJ8A23HE21NVRXBNYXH','DPT08','Ozzy','Misken','2022-09-21','242-956-9144','Jalan Kucing No 3','Arjuna','Cicendo','Bandung','Jawa Barat','perawat');
/*!40000 ALTER TABLE `tenaga_medis` ENABLE KEYS */;
UNLOCK TABLES;

--
-- Table structure for table `tes_laboratorium`
--

DROP TABLE IF EXISTS `tes_laboratorium`;
/*!40101 SET @saved_cs_client     = @@character_set_client */;
/*!40101 SET character_set_client = utf8 */;
CREATE TABLE `tes_laboratorium` (
  `id_pasien` int(11) NOT NULL,
  `id_rekam_medis` int(11) NOT NULL,
  `id_aktivitas` int(11) NOT NULL,
  `jenis_tes` varchar(50) DEFAULT NULL,
  `tanggal_tes` date DEFAULT NULL,
  `jam_tes` time DEFAULT NULL,
  `hasil_tes` varchar(50) DEFAULT NULL,
  `id_lab` int(11) NOT NULL,
  PRIMARY KEY (`id_pasien`,`id_rekam_medis`,`id_aktivitas`),
  KEY `id_lab` (`id_lab`),
  CONSTRAINT `tes_laboratorium_ibfk_1` FOREIGN KEY (`id_pasien`, `id_rekam_medis`, `id_aktivitas`) REFERENCES `aktivitas_medis` (`id_pasien`, `id_rekam_medis`, `id_aktivitas`),
  CONSTRAINT `tes_laboratorium_ibfk_2` FOREIGN KEY (`id_lab`) REFERENCES `laboratorium` (`id_lab`)
) ENGINE=InnoDB DEFAULT CHARSET=latin1 COLLATE=latin1_swedish_ci;
/*!40101 SET character_set_client = @saved_cs_client */;

--
-- Dumping data for table `tes_laboratorium`
--

LOCK TABLES `tes_laboratorium` WRITE;
/*!40000 ALTER TABLE `tes_laboratorium` DISABLE KEYS */;
INSERT INTO `tes_laboratorium` VALUES
(1,1,3,'ELISA test','2020-10-08','13:45:00','Positif / Tinggi',5),
(2,1,1,'Fine-needle aspiration (FNA) biopsy','2021-02-07','11:15:00','Positif / Tinggi',6),
(3,1,1,'Fine-needle aspiration (FNA) biopsy','2021-10-23','07:00:00','Negatif / Rendah',6),
(4,1,2,'Blood smear test','2022-05-22','14:30:00','Negatif / Rendah',9),
(5,1,1,'Blood glucose test','2020-04-09','08:00:00','Positif / Tinggi',8),
(5,2,1,'Acid-fast bacilli (AFB) test','2022-10-04','09:15:00','Positif / Tinggi',1),
(7,1,2,'Fine-needle aspiration (FNA) biopsy','2021-06-02','11:15:00','Negatif / Rendah',6),
(8,1,2,'ELISA test','2020-01-28','07:30:00','Negatif / Rendah',5),
(9,2,2,'Bronchoscopy','2021-08-27','11:00:00','Positif / Tinggi',6),
(10,1,2,'Biopsy','2021-04-23','19:00:00','Negatif / Rendah',4),
(12,1,3,'Blood smear test','2022-08-26','19:30:00','Negatif / Rendah',9),
(14,1,2,'Luteinizing hormone (LH) test','2021-01-13','12:15:00','Negatif / Rendah',10),
(14,2,1,'Coagulation test','2022-06-26','10:00:00','Positif / Tinggi',9),
(14,3,2,'Lipid panel test','2023-01-07','07:15:00','Negatif / Rendah',8),
(15,1,2,'Blood smear test','2020-11-14','06:30:00','Positif / Tinggi',7),
(15,3,2,'Blood smear test','2022-05-06','06:30:00','Negatif / Rendah',9),
(16,1,2,'Bronchoscopy','2021-11-23','07:45:00','Positif / Tinggi',6),
(16,2,2,'Complete blood count (CBC) test','2022-04-08','20:00:00','Positif / Tinggi',9),
(18,1,2,'Blood smear test','2021-04-27','08:00:00','Negatif / Rendah',9),
(20,1,1,'Pap smear test','2021-07-08','17:00:00','Negatif / Rendah',6),
(22,1,1,'Biopsy','2022-01-01','22:00:00','Negatif / Rendah',4),
(24,1,2,'Fine-needle aspiration (FNA) biopsy','2020-04-14','15:00:00','Negatif / Rendah',6),
(25,1,2,'Fine-needle aspiration (FNA) biopsy','2020-02-01','21:00:00','Positif / Tinggi',6),
(25,2,1,'Immunohistochemistry (IHC) test','2021-11-06','06:30:00','Negatif / Rendah',4),
(26,1,3,'Gram stain test','2022-05-17','07:00:00','Negatif / Rendah',1),
(31,1,2,'PCR','2023-01-11','12:46:00','positive',2),
(31,1,3,'PCR','2023-01-14','12:00:00','positive',2),
(32,1,1,'PCR','2023-02-12','23:00:00','positive',2),
(33,3,1,'Mutasi EGFR','2023-04-16','13:11:00','negative',4),
(34,2,1,'IGRA','2023-03-10','15:00:00','negative',1),
(35,1,2,'BCR ABL','2023-03-22','11:00:00','positive',5),
(36,1,2,'Rapid Test','2023-04-09','18:45:00','positive',2),
(37,1,1,'Faktor VIII','2023-02-22','13:10:00','positive',9),
(38,1,3,'CRP Kualitatif','2023-03-06','14:27:00','negative',5),
(39,1,4,'Rapid Test','2023-02-19','11:10:00','negative',2),
(40,2,5,'PCR','2023-01-27','12:46:00','positive',2),
(41,1,2,'PCR','2023-01-18','12:00:00','positive',2),
(42,2,2,'PCR','2023-02-19','23:00:00','positive',2),
(43,1,1,'Mutasi EGFR','2023-01-11','13:11:00','negative',4),
(44,3,1,'IGRA','2023-03-12','15:00:00','negative',1),
(46,2,2,'BCR ABL','2023-04-02','11:00:00','positive',5),
(47,1,3,'Rapid Test','2023-02-22','18:45:00','positive',2),
(48,3,1,'Faktor VIII','2023-03-30','13:10:00','positive',9),
(48,4,2,'CRP Kualitatif','2023-04-05','14:27:00','negative',5),
(49,1,2,'Rapid Test','2023-01-16','11:10:00','negative',2),
(51,1,2,'IGRA','2023-03-17','15:00:00','negative',1),
(55,1,1,'BCR ABL','2023-01-13','11:00:00','positive',5),
(56,2,6,'Rapid Test','2023-03-11','18:45:00','positive',2),
(58,1,1,'Faktor VIII','2023-03-10','13:10:00','positive',9),
(60,1,1,'CRP Kualitatif','2023-01-10','14:27:00','negative',5),
(61,1,1,'Cek kesehatan bayi','2022-04-27','12:00:00','Positif / Tinggi / Presence',5),
(64,1,1,'Cek dosis vitamin','2022-08-25','14:00:00','Negatif / Rendah / Absence',8),
(65,1,1,'Cek gendang telinga','2022-04-26','11:09:20','Negatif / Rendah / Absence',6),
(65,2,1,'Cek kadar protein','2022-07-10','19:22:00','Negatif / Rendah / Absence',8),
(67,2,2,'Cek kandungan','2022-10-23','22:15:00','Positif / Tinggi / Presence',5),
(69,2,1,'Cek dopamine','2022-05-29','23:30:00','Negatif / Rendah / Absence',8),
(70,1,1,'Cek rahang bawah','2022-04-19','23:30:00','Positif / Tinggi / Presence',4),
(73,1,1,'Scan rahang','2022-04-20','22:30:00','Negatif / Rendah / Absence',10),
(73,2,1,'MRI scan','2023-04-03','20:00:00','Negatif / Rendah / Absence',10),
(78,1,2,'Cek parasit otak','2023-01-29','10:43:00','Negatif / Rendah / Absence',7),
(78,1,3,'Cek kadar gula','2023-01-29','15:42:00','Positif / Tinggi / Presence',8),
(79,1,1,'Cek parasit otak','2023-04-05','18:37:00','Negatif / Rendah / Absence',7),
(80,1,1,'Cek kanker rahim','2023-01-21','09:30:00','Positif / Tinggi / Presence',10),
(82,2,1,'Cek kesehatan gusi','2022-10-22','14:15:00','Negatif / Rendah / Absence',6),
(83,1,1,'Cek kesehatan bayi','2023-08-30','09:12:00','Negatif / Rendah / Absence',1),
(85,1,3,'Cek neuron gigi','2023-03-05','20:30:00','Positif / Tinggi / Presence',5),
(87,2,1,'Cek dopamine','2022-06-03','19:45:00','Negatif / Rendah / Absence',8),
(88,1,1,'MRI scan','2023-01-23','15:15:00','Negatif / Rendah / Absence',10),
(89,1,1,'MRI scan','2022-07-22','20:45:00','Negatif / Rendah / Absence',10),
(89,1,2,'Cek bakteri','2022-07-22','18:15:00','Negatif / Rendah / Absence',1);
/*!40000 ALTER TABLE `tes_laboratorium` ENABLE KEYS */;
UNLOCK TABLES;
/*!40103 SET TIME_ZONE=@OLD_TIME_ZONE */;

/*!40101 SET SQL_MODE=@OLD_SQL_MODE */;
/*!40014 SET FOREIGN_KEY_CHECKS=@OLD_FOREIGN_KEY_CHECKS */;
/*!40014 SET UNIQUE_CHECKS=@OLD_UNIQUE_CHECKS */;
/*!40101 SET CHARACTER_SET_CLIENT=@OLD_CHARACTER_SET_CLIENT */;
/*!40101 SET CHARACTER_SET_RESULTS=@OLD_CHARACTER_SET_RESULTS */;
/*!40101 SET COLLATION_CONNECTION=@OLD_COLLATION_CONNECTION */;
/*!40111 SET SQL_NOTES=@OLD_SQL_NOTES */;

-- Dump completed on 2023-04-11 19:57:42
